日期,涨停家数,跌停家数,炸板率,连板高度,昨日涨停溢价,恐慌指数,市场情绪
20210101,118,18,0.37,5,4.02,42.06,极度恐慌
20210104,57,38,0.28,2,3.84,56.56,极度乐观
20210105,20,26,0.41,4,-0.63,71.34,极度乐观
20210106,98,0,0.43,4,0.25,56.8,乐观
20210107,49,22,0.21,3,2.64,70.6,极度乐观
20210108,41,36,0.37,6,0.76,55.95,极度恐慌
20210111,20,30,0.33,4,-0.41,1.43,极度乐观
20210112,89,0,0.42,4,0.57,30.11,恐慌
20210113,62,37,0.21,4,3.05,39.44,恐慌
20210114,114,28,0.37,2,-1.34,67.65,乐观
20210115,160,41,0.42,4,1.11,51.45,中性
20210118,66,15,0.4,1,2.1,49.39,恐慌
20210119,52,29,0.39,3,-3.42,42.91,中性
20210120,92,8,0.27,1,2.91,75.28,中性
20210121,57,12,0.22,5,-2.98,27.38,中性
20210122,118,0,0.27,2,0.96,66.79,乐观
20210125,75,0,0.35,4,-0.1,65.17,极度乐观
20210126,89,29,0.44,4,3.31,68.31,恐慌
20210127,41,20,0.24,1,2.26,84.41,中性
20210128,102,18,0.35,1,3.21,55.0,恐慌
20210129,41,0,0.34,6,-0.9,47.59,极度恐慌
20210201,117,2,0.31,1,-0.73,31.95,极度乐观
20210202,33,27,0.24,3,1.51,63.85,中性
20210203,20,0,0.31,2,3.43,28.53,乐观
20210204,20,15,0.44,3,2.72,72.78,乐观
20210205,39,0,0.37,1,3.77,29.98,极度乐观
20210208,38,26,0.28,2,3.31,19.96,恐慌
20210209,119,4,0.42,2,0.67,57.13,恐慌
20210210,59,39,0.21,4,1.53,50.21,极度恐慌
20210211,42,27,0.23,4,1.28,15.56,极度乐观
20210212,60,35,0.38,3,0.96,65.25,乐观
20210215,20,29,0.32,4,2.33,43.72,恐慌
20210216,159,14,0.36,3,2.43,45.79,极度恐慌
20210217,157,39,0.5,1,2.05,77.15,极度恐慌
20210218,83,0,0.25,1,1.2,65.24,极度恐慌
20210219,85,9,0.49,1,-0.49,31.98,极度乐观
20210222,72,7,0.48,1,3.22,80.46,中性
20210223,94,21,0.36,3,2.18,29.62,极度乐观
20210224,64,20,0.37,3,-0.7,67.64,极度恐慌
20210225,23,8,0.41,4,4.07,47.63,中性
20210226,125,5,0.37,4,2.06,62.54,恐慌
20210301,51,0,0.36,2,-0.3,49.25,中性
20210302,59,0,0.2,1,2.04,73.84,极度乐观
20210303,20,19,0.23,1,1.21,27.86,恐慌
20210304,140,20,0.35,2,3.51,70.48,极度恐慌
20210305,95,34,0.41,4,0.67,61.79,恐慌
20210308,69,23,0.25,8,0.15,29.73,乐观
20210309,49,54,0.35,1,2.98,46.53,中性
20210310,117,51,0.32,5,-0.33,48.3,中性
20210311,58,23,0.43,5,0.96,24.89,极度乐观
20210312,80,26,0.29,4,2.77,35.25,极度乐观
20210315,142,0,0.48,2,1.7,30.56,乐观
20210316,20,15,0.3,5,1.23,41.75,中性
20210317,54,15,0.24,5,3.78,30.59,中性
20210318,20,25,0.45,2,5.23,34.27,恐慌
20210319,20,28,0.35,1,-0.79,35.02,恐慌
20210322,138,23,0.33,3,-1.42,64.67,极度乐观
20210323,20,0,0.28,4,6.47,66.92,中性
20210324,69,23,0.37,3,-0.63,67.79,极度恐慌
20210325,84,0,0.41,3,0.3,50.25,乐观
20210326,94,30,0.35,3,1.16,81.14,乐观
20210329,59,13,0.37,5,3.38,58.4,极度乐观
20210330,110,12,0.42,5,1.2,63.74,极度乐观
20210331,77,15,0.44,4,-0.73,27.3,恐慌
20210401,35,10,0.39,4,3.45,66.04,极度乐观
20210402,42,22,0.3,1,0.08,27.62,极度恐慌
20210405,92,17,0.29,6,2.52,61.5,乐观
20210406,55,14,0.44,5,1.65,12.5,恐慌
20210407,63,19,0.42,3,-0.53,41.72,中性
20210408,20,19,0.24,2,-0.77,82.02,极度恐慌
20210409,20,22,0.4,1,3.85,69.51,极度乐观
20210412,83,37,0.43,4,3.82,79.61,极度乐观
20210413,64,50,0.35,2,3.92,37.47,极度乐观
20210414,51,11,0.4,3,3.79,42.88,极度乐观
20210415,20,19,0.44,4,0.5,25.48,中性
20210416,134,14,0.21,5,2.39,63.55,恐慌
20210419,42,7,0.27,3,0.34,76.65,乐观
20210420,64,42,0.34,5,1.68,72.84,极度乐观
20210421,82,33,0.25,4,0.33,56.99,中性
20210422,94,28,0.25,4,0.79,31.07,恐慌
20210423,61,7,0.38,2,2.0,55.35,极度恐慌
20210426,54,9,0.22,4,-2.08,46.02,极度乐观
20210427,134,0,0.27,2,-0.6,69.4,恐慌
20210428,51,15,0.23,5,0.95,72.21,中性
20210429,96,0,0.29,1,-3.34,27.52,极度恐慌
20210430,20,23,0.35,6,2.0,56.88,中性
20210503,58,24,0.26,3,2.52,38.94,中性
20210504,78,31,0.27,1,1.5,22.81,恐慌
20210505,103,6,0.3,8,-2.35,34.14,乐观
20210506,20,31,0.24,2,-0.81,67.15,极度恐慌
20210507,83,21,0.38,1,-0.13,67.82,乐观
20210510,31,21,0.36,5,2.93,55.32,极度乐观
20210511,20,37,0.27,4,0.06,70.11,中性
20210512,48,0,0.47,4,1.15,43.06,极度乐观
20210513,53,21,0.3,3,1.27,53.53,恐慌
20210514,128,9,0.23,4,0.26,79.47,恐慌
20210517,98,0,0.22,3,1.11,49.62,乐观
20210518,118,37,0.34,4,-2.23,55.9,极度乐观
20210519,20,17,0.32,1,0.24,36.35,恐慌
20210520,20,7,0.4,4,-0.98,88.31,恐慌
20210521,113,0,0.33,2,2.29,22.1,乐观
20210524,20,26,0.4,4,0.71,47.58,中性
20210525,85,17,0.27,4,-0.3,56.35,乐观
20210526,74,16,0.39,5,1.56,38.98,极度恐慌
20210527,84,6,0.35,3,0.94,49.56,极度恐慌
20210528,67,22,0.3,4,-0.08,38.68,中性
20210531,80,15,0.49,4,5.32,67.57,中性
20210601,77,3,0.4,4,3.0,37.41,乐观
20210602,20,19,0.37,7,4.77,68.61,极度乐观
20210603,48,0,0.49,5,1.49,64.0,恐慌
20210604,70,1,0.26,8,1.99,46.2,极度恐慌
20210607,61,0,0.27,5,-2.23,81.91,中性
20210608,106,14,0.29,3,1.6,32.87,恐慌
20210609,80,41,0.39,2,-0.06,36.53,中性
20210610,122,19,0.23,2,-1.34,41.3,极度恐慌
20210611,22,0,0.2,6,0.1,84.73,极度乐观
20210614,60,0,0.42,5,3.04,14.44,中性
20210615,42,24,0.2,3,1.08,50.49,极度恐慌
20210616,20,27,0.32,3,5.56,73.47,乐观
20210617,82,1,0.42,3,6.03,75.84,极度恐慌
20210618,54,10,0.22,2,3.24,80.8,乐观
20210621,20,0,0.29,2,0.91,43.81,乐观
20210622,43,0,0.43,4,3.27,52.11,恐慌
20210623,49,0,0.23,6,-0.65,38.45,中性
20210624,141,31,0.46,7,5.62,56.26,恐慌
20210625,56,14,0.44,6,3.54,44.01,极度乐观
20210628,145,12,0.26,3,2.86,23.44,极度乐观
20210629,68,16,0.39,2,-0.23,79.31,极度恐慌
20210630,62,2,0.34,3,3.08,59.2,乐观
20210701,65,13,0.44,6,-0.17,46.41,乐观
20210702,109,6,0.26,2,-0.27,47.33,中性
20210705,56,18,0.46,8,2.94,70.2,极度乐观
20210706,62,9,0.38,1,2.09,35.67,中性
20210707,68,32,0.25,7,0.22,63.54,乐观
20210708,111,12,0.22,6,3.19,19.45,乐观
20210709,70,12,0.42,4,3.88,26.37,中性
20210712,111,30,0.33,2,0.5,31.79,极度乐观
20210713,73,7,0.39,4,-0.16,31.62,中性
20210714,54,16,0.28,4,3.92,65.98,极度乐观
20210715,93,10,0.47,4,1.3,65.55,极度乐观
20210716,149,3,0.38,5,3.44,42.0,中性
20210719,94,22,0.38,7,4.02,61.31,极度恐慌
20210720,30,8,0.41,7,3.03,30.05,乐观
20210721,76,0,0.32,5,2.45,71.81,极度乐观
20210722,52,0,0.32,3,-1.29,28.42,极度恐慌
20210723,46,42,0.29,1,3.75,46.94,极度恐慌
20210726,80,6,0.39,1,4.38,76.04,中性
20210727,54,44,0.22,3,0.58,12.83,乐观
20210728,83,0,0.5,5,-1.6,34.81,恐慌
20210729,43,5,0.23,6,-0.53,43.1,极度乐观
20210730,52,21,0.32,4,1.61,33.4,中性
20210802,39,10,0.31,2,2.84,66.38,恐慌
20210803,98,38,0.22,4,2.55,46.44,极度乐观
20210804,81,5,0.5,4,0.41,21.69,中性
20210805,64,17,0.47,3,1.23,64.95,极度乐观
20210806,31,8,0.29,8,0.94,76.46,极度恐慌
20210809,61,23,0.23,2,1.56,23.15,乐观
20210810,24,28,0.28,3,1.97,15.46,中性
20210811,40,0,0.3,4,-0.76,25.33,恐慌
20210812,68,34,0.36,5,-3.61,52.57,极度乐观
20210813,45,20,0.38,2,3.06,45.31,中性
20210816,20,19,0.35,2,0.82,73.28,极度恐慌
20210817,20,0,0.42,5,3.34,65.44,乐观
20210818,89,30,0.44,5,5.65,76.1,乐观
20210819,43,2,0.33,4,2.18,48.45,乐观
20210820,37,34,0.43,7,-0.05,56.42,乐观
20210823,118,29,0.5,4,-1.12,34.15,极度乐观
20210824,113,22,0.41,1,-1.9,88.72,极度乐观
20210825,51,18,0.34,4,2.18,21.39,极度恐慌
20210826,93,28,0.3,5,1.8,78.88,极度乐观
20210827,80,10,0.34,2,1.08,78.63,极度恐慌
20210830,62,0,0.47,4,2.06,42.5,极度乐观
20210831,37,0,0.48,5,-0.92,76.86,中性
20210901,38,3,0.23,2,-0.09,83.97,恐慌
20210902,67,7,0.25,3,1.37,6.86,中性
20210903,38,18,0.45,4,2.23,41.39,恐慌
20210906,20,18,0.22,1,0.67,53.38,极度恐慌
20210907,20,21,0.4,4,2.1,73.14,极度恐慌
20210908,79,51,0.24,7,1.64,44.63,极度乐观
20210909,39,16,0.3,1,-1.08,41.21,中性
20210910,67,0,0.26,2,3.77,50.47,恐慌
20210913,87,4,0.36,7,4.82,69.12,恐慌
20210914,81,16,0.26,5,3.07,54.97,中性
20210915,106,13,0.43,2,-0.01,60.01,极度乐观
20210916,58,0,0.29,3,2.27,33.19,乐观
20210917,218,35,0.29,4,1.82,33.01,极度恐慌
20210920,42,17,0.42,4,0.38,67.05,中性
20210921,95,22,0.32,1,-2.96,50.51,极度乐观
20210922,70,11,0.37,3,-0.18,40.67,极度乐观
20210923,72,16,0.26,2,1.2,14.87,极度乐观
20210924,47,9,0.43,5,1.07,39.85,极度乐观
20210927,78,15,0.38,7,-2.06,33.64,极度乐观
20210928,91,39,0.38,5,1.07,25.05,乐观
20210929,124,7,0.33,4,0.23,22.55,极度乐观
20210930,112,12,0.44,1,0.67,8.67,乐观
20211001,28,30,0.35,3,3.96,34.59,中性
20211004,79,14,0.28,2,1.89,68.07,极度恐慌
20211005,86,6,0.42,1,1.76,66.81,乐观
20211006,99,22,0.37,1,1.34,54.94,极度乐观
20211007,20,22,0.4,1,2.84,54.28,极度恐慌
20211008,141,32,0.49,5,0.23,45.47,极度乐观
20211011,59,33,0.37,1,2.69,53.0,极度乐观
20211012,137,0,0.34,8,2.02,34.63,极度乐观
20211013,45,0,0.43,3,-4.25,41.86,乐观
20211014,96,19,0.27,1,1.56,15.02,极度乐观
20211015,104,41,0.43,7,1.97,44.44,乐观
20211018,52,20,0.4,5,1.44,59.78,中性
20211019,61,24,0.29,4,1.9,52.28,极度恐慌
20211020,20,8,0.33,3,4.38,32.06,乐观
20211021,62,10,0.27,6,-1.13,20.93,极度乐观
20211022,47,1,0.23,4,-0.02,61.43,中性
20211025,98,12,0.26,2,2.1,33.31,极度乐观
20211026,37,2,0.42,2,2.23,50.58,恐慌
20211027,76,4,0.25,7,-0.02,45.09,乐观
20211028,107,1,0.49,3,0.07,71.04,中性
20211029,20,6,0.3,2,0.11,19.28,恐慌
20211101,20,6,0.26,5,1.21,55.22,极度乐观
20211102,34,23,0.21,5,2.11,38.5,极度恐慌
20211103,65,16,0.48,2,-1.81,62.76,极度乐观
20211104,94,50,0.23,4,1.43,48.92,极度恐慌
20211105,37,11,0.28,2,-0.18,70.99,恐慌
20211108,70,3,0.38,4,4.92,72.28,恐慌
20211109,36,7,0.34,5,2.95,37.9,极度乐观
20211110,147,2,0.3,3,-0.6,41.76,极度乐观
20211111,48,12,0.47,2,2.8,68.41,恐慌
20211112,21,20,0.23,5,-0.56,30.2,中性
20211115,42,47,0.41,4,0.57,23.04,中性
20211116,27,28,0.38,5,1.09,48.29,极度恐慌
20211117,51,10,0.23,3,-1.89,15.88,中性
20211118,99,0,0.36,3,-0.08,19.59,中性
20211119,68,36,0.42,6,-1.39,46.14,极度恐慌
20211122,90,17,0.26,1,2.26,17.52,极度乐观
20211123,101,15,0.32,3,1.6,39.08,恐慌
20211124,86,0,0.22,3,-0.67,75.77,极度恐慌
20211125,142,45,0.26,4,4.63,36.89,中性
20211126,72,43,0.3,3,3.95,33.63,恐慌
20211129,25,0,0.38,1,1.36,24.07,极度乐观
20211130,42,30,0.4,1,-0.02,43.19,极度恐慌
20211201,20,15,0.28,4,2.34,38.34,极度恐慌
20211202,60,0,0.24,4,0.03,50.06,极度恐慌
20211203,83,17,0.24,3,-1.95,82.92,极度恐慌
20211206,43,0,0.39,4,1.26,79.71,极度乐观
20211207,52,44,0.3,5,2.45,47.24,恐慌
20211208,20,7,0.33,3,2.16,39.39,中性
20211209,20,27,0.2,3,-0.08,53.07,极度乐观
20211210,53,1,0.35,3,0.58,18.18,极度乐观
20211213,39,4,0.31,6,1.23,11.45,乐观
20211214,20,28,0.35,5,4.78,46.78,中性
20211215,49,38,0.43,3,3.78,35.41,极度乐观
20211216,61,13,0.39,1,-1.3,49.17,极度乐观
20211217,80,11,0.49,2,-1.34,55.44,中性
20211220,34,17,0.44,4,1.39,45.98,乐观
20211221,70,19,0.36,4,-1.38,40.08,中性
20211222,112,4,0.29,4,-1.06,42.31,极度恐慌
20211223,113,0,0.38,4,2.7,66.55,极度乐观
20211224,140,9,0.47,1,4.31,89.46,中性
20211227,30,21,0.39,7,0.73,69.25,极度恐慌
20211228,42,21,0.36,1,0.86,71.75,极度乐观
20211229,46,21,0.48,4,3.52,75.52,恐慌
20211230,20,52,0.33,5,-0.16,60.95,中性
20211231,32,15,0.26,3,-0.3,21.6,中性
20220103,57,1,0.32,6,3.04,43.08,极度乐观
20220104,20,14,0.2,2,2.72,56.36,中性
20220105,20,6,0.41,3,4.37,14.3,乐观
20220106,38,2,0.4,4,2.29,67.75,极度恐慌
20220107,20,4,0.29,2,4.01,64.46,中性
20220110,20,15,0.34,1,3.06,81.7,恐慌
20220111,50,21,0.35,5,-0.21,66.22,极度乐观
20220112,65,1,0.42,2,0.8,48.43,极度乐观
20220113,58,0,0.26,1,1.36,45.99,极度恐慌
20220114,46,17,0.37,4,6.0,24.22,恐慌
20220117,20,4,0.26,1,1.76,64.08,极度乐观
20220118,27,6,0.47,2,2.42,63.7,乐观
20220119,106,26,0.47,3,0.84,2.87,乐观
20220120,71,47,0.25,2,-1.38,53.37,恐慌
20220121,20,3,0.47,1,0.12,23.97,极度乐观
20220124,48,5,0.28,3,0.74,11.46,恐慌
20220125,55,3,0.49,3,1.93,70.74,极度恐慌
20220126,121,0,0.25,3,0.92,35.99,恐慌
20220127,123,0,0.45,6,0.05,24.83,极度恐慌
20220128,20,0,0.25,4,-0.95,52.98,恐慌
20220131,27,27,0.45,1,4.31,80.39,恐慌
20220201,97,0,0.39,2,1.03,49.5,极度恐慌
20220202,55,51,0.44,5,2.18,49.51,极度恐慌
20220203,32,25,0.21,5,3.29,51.93,乐观
20220204,46,13,0.37,6,1.09,87.17,中性
20220207,83,12,0.39,7,1.22,56.25,恐慌
20220208,20,23,0.45,4,1.36,52.52,极度乐观
20220209,20,29,0.33,4,-1.24,38.26,乐观
20220210,52,30,0.21,4,2.84,45.57,恐慌
20220211,20,12,0.22,4,2.34,23.03,极度恐慌
20220214,34,16,0.42,1,-0.78,72.08,极度乐观
20220215,39,0,0.33,4,5.33,53.45,极度恐慌
20220216,20,13,0.44,2,-0.74,44.4,恐慌
20220217,20,45,0.29,6,1.52,55.39,乐观
20220218,20,0,0.21,6,2.34,63.18,极度恐慌
20220221,30,18,0.4,4,2.81,36.23,极度乐观
20220222,85,6,0.25,3,2.9,28.28,中性
20220223,78,1,0.47,2,2.29,20.57,恐慌
20220224,38,9,0.4,5,-0.55,1.71,极度恐慌
20220225,58,9,0.49,6,-0.37,65.52,中性
20220228,50,21,0.33,4,0.41,39.13,极度乐观
20220301,49,17,0.29,5,0.75,23.48,乐观
20220302,20,0,0.31,4,2.0,39.95,中性
20220303,94,38,0.33,4,2.2,55.12,中性
20220304,82,0,0.45,2,2.98,67.2,乐观
20220307,84,4,0.27,4,1.57,74.87,乐观
20220308,86,44,0.43,3,3.23,40.11,中性
20220309,55,2,0.4,3,-0.59,0.0,恐慌
20220310,32,18,0.33,3,1.6,70.45,乐观
20220311,40,0,0.36,2,-0.11,80.07,乐观
20220314,81,23,0.31,6,4.09,23.81,乐观
20220315,90,0,0.49,2,2.36,57.67,极度乐观
20220316,20,0,0.42,3,-0.11,45.16,乐观
20220317,20,17,0.49,1,5.27,46.74,极度恐慌
20220318,70,16,0.25,3,-3.92,68.08,极度恐慌
20220321,48,29,0.32,2,1.65,27.92,极度乐观
20220322,35,21,0.43,2,1.62,38.98,极度恐慌
20220323,93,0,0.5,7,-1.41,61.3,极度乐观
20220324,21,23,0.46,8,0.42,58.83,极度恐慌
20220325,41,41,0.38,4,-2.89,39.94,极度乐观
20220328,37,27,0.44,5,-0.37,32.14,极度乐观
20220329,43,23,0.22,3,-0.82,26.94,中性
20220330,60,23,0.23,2,1.83,42.74,乐观
20220331,69,45,0.21,5,1.06,59.6,中性
20220401,54,15,0.33,1,-0.11,51.64,恐慌
20220404,99,0,0.4,2,3.72,56.23,恐慌
20220405,55,32,0.5,1,1.5,92.88,极度恐慌
20220406,78,21,0.26,1,-0.15,66.8,极度乐观
20220407,31,27,0.25,3,2.4,79.26,极度恐慌
20220408,20,24,0.22,6,2.72,69.37,中性
20220411,65,6,0.39,4,-1.62,33.84,中性
20220412,109,0,0.43,5,4.86,34.89,恐慌
20220413,87,0,0.31,1,3.55,77.4,中性
20220414,20,13,0.35,6,3.84,65.21,极度乐观
20220415,81,32,0.37,3,-1.29,72.19,极度恐慌
20220418,50,28,0.44,1,5.76,54.43,乐观
20220419,107,16,0.37,4,-2.41,16.55,极度乐观
20220420,43,26,0.46,3,4.06,77.63,中性
20220421,102,1,0.32,3,0.72,49.81,极度乐观
20220422,20,12,0.34,4,-2.48,55.46,极度恐慌
20220425,33,31,0.22,5,1.01,75.84,乐观
20220426,141,19,0.39,3,1.68,70.35,乐观
20220427,65,23,0.41,6,5.1,64.37,极度恐慌
20220428,136,37,0.31,2,3.21,49.52,极度乐观
20220429,20,4,0.43,6,2.63,23.95,恐慌
20220502,56,0,0.28,3,0.0,11.41,极度恐慌
20220503,20,5,0.21,4,2.54,52.65,中性
20220504,100,31,0.27,3,1.9,72.12,中性
20220505,23,21,0.24,2,1.44,42.95,恐慌
20220506,20,21,0.2,2,2.6,34.38,中性
20220509,113,0,0.33,1,0.69,73.41,恐慌
20220510,26,12,0.22,5,1.07,80.72,极度恐慌
20220511,93,15,0.41,4,2.06,44.83,极度乐观
20220512,20,26,0.41,3,1.81,42.84,极度乐观
20220513,53,8,0.21,6,1.97,61.6,极度恐慌
20220516,62,24,0.24,4,-2.5,26.26,中性
20220517,60,31,0.23,4,-0.42,32.7,中性
20220518,130,46,0.37,4,1.29,36.25,极度恐慌
20220519,85,1,0.41,4,-2.1,37.0,乐观
20220520,87,29,0.33,3,2.11,66.56,恐慌
20220523,46,10,0.26,1,1.69,73.7,乐观
20220524,62,23,0.2,6,2.74,47.9,恐慌
20220525,50,7,0.31,3,-0.44,16.23,极度恐慌
20220526,127,16,0.43,1,-0.21,37.64,乐观
20220527,20,60,0.41,9,0.77,38.73,极度恐慌
20220530,69,0,0.25,2,0.46,57.08,乐观
20220531,20,9,0.47,3,2.74,67.84,极度乐观
20220601,65,3,0.48,3,1.17,59.45,极度恐慌
20220602,73,20,0.33,1,2.34,56.08,极度恐慌
20220603,82,19,0.44,2,1.71,37.8,中性
20220606,54,0,0.23,5,1.33,55.02,乐观
20220607,59,0,0.31,3,0.25,37.6,极度恐慌
20220608,92,5,0.49,3,-0.4,98.74,极度恐慌
20220609,103,14,0.28,5,0.2,24.85,乐观
20220610,58,0,0.44,7,0.09,30.1,中性
20220613,79,45,0.39,1,1.89,30.24,乐观
20220614,57,18,0.23,4,1.48,75.35,恐慌
20220615,76,0,0.3,3,4.34,62.79,极度恐慌
20220616,82,21,0.34,1,-1.07,32.65,极度恐慌
20220617,26,12,0.31,4,2.38,68.04,乐观
20220620,83,11,0.29,5,1.08,31.82,中性
20220621,159,34,0.42,5,-1.82,0.0,恐慌
20220622,26,0,0.26,5,1.21,26.12,恐慌
20220623,35,1,0.33,4,-0.05,58.28,恐慌
20220624,58,5,0.36,5,1.28,0.9,恐慌
20220627,69,12,0.24,2,6.26,48.82,中性
20220628,43,55,0.43,4,0.61,31.57,恐慌
20220629,51,28,0.24,1,-0.17,45.67,极度乐观
20220630,20,11,0.45,3,-1.98,56.05,乐观
20220701,46,17,0.35,2,1.52,54.98,恐慌
20220704,172,11,0.23,7,0.66,39.16,中性
20220705,108,0,0.45,2,4.39,61.37,乐观
20220706,97,17,0.23,1,2.13,56.87,中性
20220707,95,0,0.35,3,3.03,87.08,极度恐慌
20220708,123,14,0.36,1,3.71,64.37,恐慌
20220711,31,16,0.31,4,2.83,54.75,极度恐慌
20220712,48,0,0.34,5,2.09,85.52,乐观
20220713,64,23,0.33,4,3.13,43.56,极度乐观
20220714,23,0,0.33,1,4.34,65.01,恐慌
20220715,43,6,0.21,4,2.59,27.43,极度乐观
20220718,114,11,0.38,2,1.31,38.03,恐慌
20220719,44,32,0.26,5,0.8,80.41,中性
20220720,61,25,0.38,4,3.01,59.79,极度恐慌
20220721,85,7,0.26,1,0.83,79.76,中性
20220722,125,18,0.5,5,4.29,62.25,极度恐慌
20220725,91,16,0.28,6,2.56,46.15,恐慌
20220726,63,0,0.45,7,3.19,74.76,极度乐观
20220727,49,8,0.31,3,1.13,59.35,极度恐慌
20220728,82,14,0.24,2,4.7,71.83,恐慌
20220729,20,7,0.37,3,5.18,37.16,恐慌
20220801,20,12,0.29,4,-0.18,57.78,恐慌
20220802,134,11,0.43,3,1.18,42.35,极度恐慌
20220803,49,9,0.33,4,0.91,46.3,恐慌
20220804,31,24,0.36,1,1.62,21.38,极度乐观
20220805,55,2,0.24,3,1.6,51.53,极度恐慌
20220808,149,28,0.29,2,1.49,29.24,极度恐慌
20220809,70,6,0.36,5,2.51,60.15,中性
20220810,55,17,0.25,4,0.01,55.85,恐慌
20220811,47,43,0.37,6,0.02,73.99,乐观
20220812,44,0,0.37,3,0.27,73.17,乐观
20220815,57,20,0.4,2,3.42,41.26,乐观
20220816,83,12,0.47,7,-0.24,41.58,极度乐观
20220817,40,12,0.49,3,2.37,51.47,乐观
20220818,111,11,0.46,4,1.25,59.44,中性
20220819,20,36,0.31,4,2.42,67.88,极度乐观
20220822,74,17,0.36,3,-0.75,48.56,中性
20220823,48,0,0.32,3,0.47,72.82,乐观
20220824,88,0,0.33,3,-0.32,70.57,极度乐观
20220825,20,21,0.23,1,-1.82,16.63,乐观
20220826,141,32,0.4,1,2.74,43.34,乐观
20220829,104,11,0.47,4,0.17,25.92,恐慌
20220830,52,0,0.21,4,5.56,61.9,恐慌
20220831,60,36,0.21,2,2.42,31.05,恐慌
20220901,31,14,0.45,2,2.2,41.01,中性
20220902,24,2,0.41,3,0.34,49.77,极度恐慌
20220905,112,25,0.39,4,0.99,36.89,恐慌
20220906,35,29,0.31,4,0.23,83.91,中性
20220907,78,15,0.21,7,3.58,76.83,中性
20220908,20,17,0.29,5,0.08,28.97,乐观
20220909,61,0,0.33,1,0.51,28.3,乐观
20220912,92,19,0.37,5,-0.08,56.18,中性
20220913,20,45,0.23,4,0.83,76.09,乐观
20220914,52,15,0.33,2,2.29,58.58,乐观
20220915,51,20,0.2,2,1.42,41.97,极度恐慌
20220916,60,0,0.25,7,0.36,79.32,极度恐慌
20220919,25,13,0.41,4,0.72,27.66,恐慌
20220920,85,0,0.3,1,2.74,60.58,恐慌
20220921,39,21,0.28,5,2.69,28.57,恐慌
20220922,20,34,0.34,3,3.76,53.84,极度恐慌
20220923,35,35,0.5,2,1.79,61.95,中性
20220926,108,16,0.37,6,4.08,49.55,极度恐慌
20220927,32,0,0.44,1,2.78,34.92,极度恐慌
20220928,20,42,0.26,6,-0.91,55.79,极度乐观
20220929,63,9,0.25,5,1.62,32.4,恐慌
20220930,44,0,0.39,1,3.28,37.98,极度乐观
20221003,68,0,0.24,4,3.95,82.88,乐观
20221004,104,8,0.37,4,3.38,86.92,乐观
20221005,90,21,0.36,1,-1.73,49.54,中性
20221006,60,0,0.39,3,2.09,51.12,恐慌
20221007,110,21,0.48,3,1.96,51.97,恐慌
20221010,39,34,0.49,4,1.65,72.78,极度乐观
20221011,20,17,0.49,3,5.67,63.15,乐观
20221012,86,10,0.44,1,2.92,85.02,极度恐慌
20221013,97,14,0.22,5,-1.93,44.21,极度恐慌
20221014,62,0,0.5,1,0.78,30.88,中性
20221017,53,33,0.23,1,-0.51,74.34,极度乐观
20221018,54,4,0.39,7,1.36,41.59,极度恐慌
20221019,67,26,0.21,5,-0.3,65.76,恐慌
20221020,20,21,0.38,2,3.47,47.86,极度恐慌
20221021,111,23,0.31,6,0.87,38.08,中性
20221024,24,0,0.23,5,5.2,44.78,中性
20221025,75,10,0.46,3,-0.1,44.6,中性
20221026,104,8,0.21,6,2.76,59.2,极度恐慌
20221027,78,0,0.48,4,1.02,70.14,恐慌
20221028,56,35,0.42,2,1.62,100.0,极度恐慌
20221031,20,7,0.41,3,1.65,54.02,恐慌
20221101,32,33,0.48,4,3.99,53.6,恐慌
20221102,87,7,0.44,6,-0.74,35.75,极度恐慌
20221103,36,21,0.31,5,3.24,27.99,乐观
20221104,128,9,0.49,5,4.09,86.43,乐观
20221107,77,13,0.44,4,1.97,25.08,中性
20221108,39,0,0.48,3,1.67,59.39,极度恐慌
20221109,20,0,0.48,4,1.39,39.97,极度乐观
20221110,61,30,0.32,1,0.46,63.84,中性
20221111,24,21,0.46,7,3.08,18.42,恐慌
20221114,28,39,0.43,2,2.88,79.64,恐慌
20221115,105,26,0.38,5,1.44,71.21,极度恐慌
20221116,20,0,0.27,6,2.1,41.93,极度恐慌
20221117,90,32,0.44,4,-0.2,55.01,乐观
20221118,21,15,0.31,6,3.29,46.9,中性
20221121,20,0,0.42,8,2.09,3.47,乐观
20221122,60,10,0.21,1,1.49,45.26,极度恐慌
20221123,24,53,0.32,1,1.2,67.33,乐观
20221124,126,3,0.35,1,3.42,100.0,极度恐慌
20221125,23,3,0.49,5,-2.31,52.34,乐观
20221128,56,15,0.36,5,2.14,38.11,极度乐观
20221129,29,32,0.45,5,1.32,34.17,极度乐观
20221130,20,37,0.33,5,0.6,87.95,中性
20221201,20,10,0.3,4,-2.28,28.51,恐慌
20221202,20,39,0.26,6,1.11,61.99,乐观
20221205,20,0,0.28,4,1.33,72.43,中性
20221206,67,17,0.29,3,2.93,77.19,极度恐慌
20221207,31,35,0.42,3,1.76,32.15,乐观
20221208,29,8,0.21,5,2.03,23.57,极度乐观
20221209,62,20,0.46,3,-2.38,50.76,中性
20221212,89,15,0.48,6,-3.45,21.0,中性
20221213,57,29,0.3,2,1.64,54.31,极度乐观
20221214,92,49,0.43,4,1.26,42.17,极度恐慌
20221215,98,12,0.36,1,0.65,19.74,极度乐观
20221216,82,0,0.43,2,0.97,57.64,乐观
20221219,28,6,0.25,3,1.98,18.82,极度恐慌
20221220,114,0,0.46,6,-1.26,70.87,中性
20221221,68,24,0.47,5,1.69,83.79,乐观
20221222,66,18,0.38,5,1.69,56.08,极度乐观
20221223,44,34,0.34,8,-1.35,14.97,乐观
20221226,89,10,0.36,7,0.89,52.84,极度恐慌
20221227,130,0,0.25,5,2.41,86.36,恐慌
20221228,133,11,0.37,5,0.37,53.51,极度乐观
20221229,70,29,0.3,6,4.58,33.62,极度乐观
20221230,65,22,0.39,2,0.13,54.09,乐观
20230102,44,30,0.42,4,-1.87,50.89,中性
20230103,95,2,0.36,2,2.0,21.8,乐观
20230104,47,51,0.48,3,1.96,51.29,极度恐慌
20230105,75,12,0.29,5,4.99,52.52,中性
20230106,66,12,0.31,4,0.88,70.54,乐观
20230109,69,35,0.42,10,3.08,27.98,中性
20230110,76,5,0.33,2,-0.92,61.75,恐慌
20230111,47,21,0.42,4,3.7,48.4,乐观
20230112,92,0,0.5,4,2.91,24.58,中性
20230113,20,2,0.5,3,-0.86,82.46,中性
20230116,111,13,0.29,3,1.46,39.64,恐慌
20230117,36,6,0.34,1,5.74,54.74,恐慌
20230118,154,28,0.23,1,-0.49,12.48,乐观
20230119,52,29,0.29,5,1.42,75.28,极度恐慌
20230120,48,9,0.29,5,0.0,55.83,极度恐慌
20230123,100,5,0.26,7,-3.3,41.39,恐慌
20230124,51,5,0.42,2,4.53,31.19,极度恐慌
20230125,33,13,0.37,1,2.87,47.89,极度恐慌
20230126,51,9,0.33,1,-0.68,42.93,恐慌
20230127,116,17,0.46,3,3.61,55.93,恐慌
20230130,38,0,0.39,7,3.14,46.28,极度恐慌
20230131,107,34,0.39,3,5.31,57.03,恐慌
20230201,20,0,0.26,3,2.38,60.92,乐观
20230202,47,0,0.23,4,0.45,54.04,极度恐慌
20230203,38,1,0.34,4,2.23,60.47,乐观
20230206,151,35,0.24,2,4.37,64.12,乐观
20230207,74,0,0.44,4,0.39,30.73,乐观
20230208,34,38,0.42,4,2.35,44.8,极度恐慌
20230209,89,37,0.23,3,2.86,33.81,极度乐观
20230210,20,43,0.46,1,3.77,52.65,极度恐慌
20230213,20,1,0.48,3,1.22,30.85,极度恐慌
20230214,111,0,0.29,7,1.87,45.89,中性
20230215,53,39,0.39,3,-3.46,38.77,极度乐观
20230216,20,12,0.46,4,2.93,59.0,恐慌
20230217,65,31,0.33,5,3.22,47.42,恐慌
20230220,52,0,0.43,3,0.22,79.13,恐慌
20230221,98,18,0.44,2,3.27,45.91,极度恐慌
20230222,20,34,0.24,5,-1.6,74.89,中性
20230223,57,0,0.32,4,0.27,78.24,恐慌
20230224,31,27,0.23,4,-3.08,54.91,极度乐观
20230227,20,0,0.5,3,0.94,74.98,恐慌
20230228,104,3,0.2,1,1.38,23.17,恐慌
20230301,54,14,0.3,1,1.77,59.03,极度乐观
20230302,44,0,0.29,3,3.0,95.0,极度乐观
20230303,52,0,0.29,1,-0.06,47.76,极度恐慌
20230306,69,4,0.3,7,5.73,33.23,极度恐慌
20230307,61,12,0.39,4,0.23,17.93,极度恐慌
20230308,67,10,0.43,1,1.37,20.91,恐慌
20230309,74,29,0.31,5,1.76,24.38,中性
20230310,61,24,0.47,3,5.63,69.01,恐慌
20230313,51,19,0.24,5,3.01,28.8,极度恐慌
20230314,128,24,0.27,2,6.55,26.08,极度恐慌
20230315,70,0,0.32,1,-1.33,84.97,乐观
20230316,86,4,0.43,2,4.76,26.53,极度乐观
20230317,31,15,0.27,1,2.24,71.33,乐观
20230320,113,0,0.39,5,3.87,39.37,中性
20230321,20,21,0.48,7,2.32,28.61,乐观
20230322,174,20,0.25,4,1.42,55.24,恐慌
20230323,24,17,0.39,1,2.52,14.06,恐慌
20230324,67,34,0.47,2,1.42,66.68,恐慌
20230327,41,0,0.42,4,1.08,59.48,中性
20230328,75,42,0.44,2,3.25,44.43,乐观
20230329,102,6,0.35,3,-1.59,45.74,极度恐慌
20230330,46,25,0.21,3,-1.21,52.32,恐慌
20230331,93,21,0.23,1,0.79,66.53,中性
20230403,81,34,0.48,2,-0.18,97.86,乐观
20230404,24,12,0.39,5,1.32,58.63,恐慌
20230405,24,12,0.29,1,4.08,50.0,中性
20230406,78,14,0.26,3,3.32,32.18,恐慌
20230407,80,18,0.41,1,3.67,69.99,恐慌
20230410,39,28,0.28,3,-2.31,73.35,中性
20230411,20,0,0.39,2,-0.09,48.79,恐慌
20230412,23,2,0.37,2,0.14,58.74,极度恐慌
20230413,98,13,0.27,6,1.35,34.2,恐慌
20230414,20,2,0.35,9,0.59,39.63,极度恐慌
20230417,20,19,0.42,6,1.86,18.07,恐慌
20230418,20,19,0.47,5,1.05,79.01,极度乐观
20230419,56,9,0.32,4,1.52,58.65,乐观
20230420,20,42,0.43,6,1.33,42.43,恐慌
20230421,100,12,0.28,4,1.82,43.63,极度恐慌
20230424,53,1,0.48,2,3.06,58.33,极度乐观
20230425,103,33,0.46,6,-1.4,69.54,中性
20230426,48,8,0.38,4,1.97,71.91,恐慌
20230427,51,0,0.3,5,4.42,44.32,恐慌
20230428,44,24,0.46,7,-0.51,33.63,极度恐慌
20230501,63,47,0.44,8,1.83,61.74,恐慌
20230502,73,0,0.47,7,2.4,51.67,中性
20230503,43,7,0.46,5,2.04,29.34,极度恐慌
20230504,49,0,0.26,5,0.12,49.3,中性
20230505,26,9,0.38,5,-0.39,49.55,极度乐观
20230508,69,11,0.29,1,0.12,68.87,乐观
20230509,70,4,0.49,10,-1.48,35.93,恐慌
20230510,69,0,0.26,4,1.65,48.39,乐观
20230511,106,3,0.37,3,2.37,10.24,极度恐慌
20230512,79,44,0.35,3,-0.59,96.24,恐慌
20230515,98,26,0.33,1,0.69,54.22,中性
20230516,95,45,0.4,1,2.31,53.82,极度恐慌
20230517,35,40,0.36,6,0.02,41.39,中性
20230518,76,15,0.46,4,2.52,10.32,中性
20230519,84,21,0.22,3,5.44,0.0,恐慌
20230522,49,17,0.34,1,3.08,0.0,中性
20230523,63,17,0.32,4,3.8,29.14,恐慌
20230524,89,0,0.36,1,1.52,56.84,中性
20230525,21,1,0.38,3,-0.69,56.36,乐观
20230526,138,22,0.39,2,4.21,31.02,恐慌
20230529,69,19,0.43,2,1.42,55.35,恐慌
20230530,49,31,0.28,5,2.07,52.65,极度恐慌
20230531,92,13,0.49,4,3.23,41.94,极度恐慌
20230601,54,9,0.48,4,-0.92,40.58,恐慌
20230602,20,0,0.3,6,0.56,13.85,恐慌
20230605,53,10,0.34,1,1.05,59.69,乐观
20230606,20,29,0.42,1,2.4,49.43,极度恐慌
20230607,79,35,0.26,5,-0.25,24.43,恐慌
20230608,111,27,0.44,3,2.22,66.11,恐慌
20230609,50,0,0.34,3,-1.31,61.65,恐慌
20230612,37,0,0.41,3,0.53,14.09,极度乐观
20230613,41,31,0.23,2,0.96,85.78,极度乐观
20230614,48,5,0.32,3,0.32,48.43,极度乐观
20230615,45,30,0.32,5,-1.61,25.34,极度乐观
20230616,154,15,0.31,1,2.88,58.17,极度乐观
20230619,75,25,0.33,6,0.1,35.78,极度乐观
20230620,59,13,0.47,4,4.02,17.21,极度恐慌
20230621,38,11,0.25,3,2.15,74.75,乐观
20230622,49,11,0.29,6,-0.79,40.87,极度乐观
20230623,20,0,0.31,5,-0.98,96.87,中性
20230626,88,14,0.38,1,2.59,35.74,极度恐慌
20230627,102,2,0.4,7,2.81,46.18,极度乐观
20230628,52,38,0.31,2,1.6,40.98,恐慌
20230629,70,13,0.37,3,3.79,71.47,乐观
20230630,46,19,0.41,6,-0.84,85.54,极度乐观
20230703,35,13,0.4,4,0.03,12.3,恐慌
20230704,36,17,0.34,2,1.58,37.99,极度乐观
20230705,29,20,0.33,6,2.66,61.62,恐慌
20230706,133,17,0.36,6,4.0,50.29,极度恐慌
20230707,73,4,0.48,3,-2.48,32.25,极度恐慌
20230710,58,36,0.2,7,4.39,59.78,极度恐慌
20230711,83,11,0.33,1,4.73,53.26,极度恐慌
20230712,20,34,0.43,4,2.41,33.75,中性
20230713,88,15,0.22,3,1.13,61.79,乐观
20230714,50,19,0.43,2,-1.22,24.76,中性
20230717,42,10,0.21,6,3.39,34.92,恐慌
20230718,72,41,0.37,3,1.41,27.08,乐观
20230719,116,18,0.29,4,-0.8,55.18,乐观
20230720,37,29,0.44,1,-0.32,78.78,中性
20230721,44,14,0.5,1,2.48,75.82,中性
20230724,52,30,0.27,3,3.16,35.52,乐观
20230725,108,24,0.4,4,-0.48,44.53,极度乐观
20230726,119,18,0.32,3,0.31,71.68,极度恐慌
20230727,131,0,0.27,2,-0.37,46.83,极度恐慌
20230728,20,0,0.3,4,-0.06,46.69,极度恐慌
20230731,145,42,0.4,2,0.49,46.19,中性
20230801,52,25,0.4,1,1.51,29.41,极度乐观
20230802,91,14,0.35,1,2.02,42.64,乐观
20230803,24,12,0.4,1,5.21,47.58,中性
20230804,64,20,0.37,5,1.97,56.22,中性
20230807,57,28,0.34,3,-3.0,29.21,乐观
20230808,106,16,0.49,5,-1.84,27.17,极度恐慌
20230809,27,22,0.27,2,0.98,58.32,乐观
20230810,20,6,0.29,3,3.77,39.73,极度恐慌
20230811,116,8,0.28,6,0.27,32.6,极度恐慌
20230814,20,15,0.28,3,2.28,68.99,极度乐观
20230815,87,17,0.42,5,2.8,61.42,极度恐慌
20230816,72,0,0.42,7,3.91,58.97,乐观
20230817,20,10,0.25,3,-0.3,1.34,乐观
20230818,83,19,0.42,2,-0.5,56.09,极度乐观
20230821,22,13,0.35,2,2.82,42.55,恐慌
20230822,20,24,0.36,6,5.7,58.56,极度恐慌
20230823,50,23,0.35,4,1.89,79.47,恐慌
20230824,43,0,0.45,4,0.43,80.49,乐观
20230825,22,5,0.42,3,1.21,61.03,恐慌
20230828,56,6,0.36,2,2.11,48.05,恐慌
20230829,20,21,0.42,1,-0.11,31.31,中性
20230830,83,15,0.49,4,3.55,55.85,极度乐观
20230831,53,35,0.39,1,-0.6,57.61,极度乐观
20230901,21,0,0.34,2,-0.08,60.68,中性
20230904,67,21,0.39,4,2.34,73.09,极度恐慌
20230905,80,11,0.28,4,5.14,48.99,乐观
20230906,20,13,0.44,1,2.4,45.72,中性
20230907,20,4,0.26,8,0.98,58.47,中性
20230908,128,24,0.25,1,-0.78,38.86,中性
20230911,112,0,0.44,2,2.82,33.3,极度恐慌
20230912,69,3,0.41,1,2.27,36.31,极度恐慌
20230913,27,11,0.31,5,4.38,48.48,乐观
20230914,134,28,0.31,4,0.03,91.83,极度乐观
20230915,85,9,0.44,4,5.54,63.41,极度恐慌
20230918,112,32,0.49,5,4.28,43.71,极度乐观
20230919,100,0,0.3,1,0.32,77.06,极度乐观
20230920,85,16,0.42,2,1.17,56.38,乐观
20230921,36,51,0.34,5,3.46,29.76,中性
20230922,101,29,0.34,2,4.44,42.6,极度乐观
20230925,109,3,0.3,8,3.04,28.75,乐观
20230926,156,8,0.23,4,1.72,6.0,乐观
20230927,20,48,0.29,4,2.2,58.73,极度乐观
20230928,25,19,0.28,1,-0.41,62.59,乐观
20230929,40,39,0.47,2,0.71,75.76,恐慌
20231002,20,9,0.38,3,1.55,0.24,中性
20231003,113,10,0.21,1,3.71,67.16,极度乐观
20231004,69,0,0.3,4,3.57,22.15,恐慌
20231005,20,20,0.39,1,0.37,54.76,中性
20231006,87,18,0.44,2,1.39,60.24,极度乐观
20231009,61,0,0.4,4,-3.71,60.22,恐慌
20231010,59,30,0.23,4,-0.76,76.48,极度乐观
20231011,95,16,0.28,4,1.44,45.96,极度恐慌
20231012,20,0,0.45,3,0.88,61.47,极度乐观
20231013,21,23,0.37,4,0.61,58.64,乐观
20231016,59,27,0.28,4,2.0,43.29,极度乐观
20231017,142,32,0.35,1,2.93,60.9,极度乐观
20231018,32,27,0.26,4,2.44,80.16,恐慌
20231019,64,23,0.46,4,2.59,41.31,中性
20231020,60,0,0.28,1,2.99,6.02,极度恐慌
20231023,186,0,0.23,1,0.24,74.09,乐观
20231024,34,0,0.23,4,2.34,32.74,中性
20231025,23,33,0.27,3,2.29,65.68,极度乐观
20231026,32,21,0.5,7,1.91,48.36,恐慌
20231027,69,7,0.21,2,6.01,73.39,中性
20231030,147,34,0.47,4,0.74,48.86,乐观
20231031,141,0,0.26,5,0.39,53.56,恐慌
20231101,37,35,0.36,3,-0.07,66.83,极度恐慌
20231102,33,34,0.39,4,2.24,66.86,极度恐慌
20231103,20,22,0.41,3,0.61,45.08,乐观
20231106,24,10,0.43,2,-2.36,67.55,极度恐慌
20231107,43,15,0.29,6,2.16,61.23,乐观
20231108,20,0,0.31,1,-0.41,32.35,乐观
20231109,20,10,0.24,4,1.76,13.53,中性
20231110,80,8,0.23,2,2.51,37.54,中性
20231113,91,18,0.4,3,0.85,36.13,中性
20231114,29,16,0.21,2,-0.95,55.4,极度恐慌
20231115,40,0,0.26,3,5.14,0.0,恐慌
20231116,110,1,0.44,1,0.38,88.56,恐慌
20231117,41,0,0.38,1,0.77,61.26,恐慌
20231120,44,34,0.3,4,-4.27,78.4,中性
20231121,117,4,0.41,2,-0.79,60.34,乐观
20231122,116,22,0.34,4,1.5,43.93,中性
20231123,24,24,0.39,3,2.58,63.57,极度恐慌
20231124,30,28,0.31,4,2.73,16.26,极度恐慌
20231127,56,14,0.35,2,0.48,63.45,恐慌
20231128,73,29,0.23,4,1.14,87.58,恐慌
20231129,134,13,0.32,2,1.5,62.5,极度恐慌
20231130,61,16,0.38,6,3.6,90.08,极度乐观
20231201,20,9,0.5,1,1.23,61.19,乐观
20231204,20,2,0.35,1,-0.44,36.99,恐慌
20231205,101,23,0.26,2,1.32,57.1,极度恐慌
20231206,133,29,0.44,4,-0.78,37.42,极度乐观
20231207,87,39,0.36,3,-0.2,33.84,中性
20231208,20,19,0.44,2,-2.04,81.57,恐慌
20231211,94,0,0.38,4,3.31,41.64,恐慌
20231212,20,6,0.44,4,3.81,92.93,极度乐观
20231213,37,27,0.21,2,2.03,47.34,乐观
20231214,49,28,0.44,3,1.33,32.58,极度恐慌
20231215,67,36,0.43,3,3.0,49.04,中性
20231218,73,17,0.23,4,1.72,60.92,极度恐慌
20231219,20,36,0.37,4,-0.0,65.21,极度恐慌
20231220,29,19,0.34,3,2.61,0.0,乐观
20231221,34,0,0.23,4,4.5,86.36,乐观
20231222,54,1,0.46,7,2.71,41.82,中性
20231225,20,27,0.46,3,-1.44,18.97,极度乐观
20231226,91,11,0.2,2,0.24,67.85,中性
20231227,121,10,0.25,4,-0.55,88.92,极度恐慌
20231228,93,15,0.23,4,3.45,47.57,中性
20231229,32,10,0.36,6,0.56,33.34,乐观
20240101,46,5,0.35,2,-1.17,53.98,乐观
20240102,58,0,0.3,4,-0.96,22.62,乐观
20240103,72,30,0.39,2,-2.2,1.65,极度乐观
20240104,42,10,0.27,6,-1.32,25.3,极度乐观
20240105,30,20,0.23,2,-0.37,57.96,恐慌
20240108,24,47,0.4,4,1.28,72.06,极度恐慌
20240109,29,35,0.36,6,0.74,53.48,极度乐观
20240110,121,6,0.23,5,1.4,46.83,极度乐观
20240111,71,10,0.45,2,4.34,23.42,极度恐慌
20240112,90,30,0.37,5,1.83,39.46,极度乐观
20240115,20,0,0.33,7,3.83,9.68,极度恐慌
20240116,79,0,0.32,4,-0.6,69.62,极度乐观
20240117,20,20,0.49,2,4.73,73.79,中性
20240118,44,14,0.39,3,-2.71,72.3,极度恐慌
20240119,20,21,0.31,5,3.47,85.73,中性
20240122,113,21,0.43,2,0.1,23.99,极度恐慌
20240123,35,0,0.47,4,0.53,68.11,中性
20240124,44,9,0.43,3,0.62,44.0,乐观
20240125,43,18,0.3,5,2.05,59.35,恐慌
20240126,104,26,0.4,4,1.99,21.74,中性
20240129,27,0,0.45,6,3.82,36.49,极度乐观
20240130,68,3,0.25,4,2.76,7.9,乐观
20240131,55,38,0.39,4,-0.73,68.29,恐慌
20240201,113,8,0.33,3,0.62,68.7,乐观
20240202,61,19,0.47,3,0.72,33.39,极度乐观
20240205,151,10,0.29,9,3.21,69.07,乐观
20240206,44,6,0.25,5,-1.25,73.87,恐慌
20240207,61,18,0.48,1,0.58,36.04,中性
20240208,20,0,0.31,2,4.17,55.67,乐观
20240209,24,0,0.46,5,2.82,23.0,极度恐慌
20240212,35,36,0.48,5,3.0,32.75,乐观
20240213,91,15,0.42,9,4.11,72.28,极度恐慌
20240214,20,15,0.43,3,-0.19,16.47,中性
20240215,20,8,0.39,6,2.83,23.76,中性
20240216,100,17,0.39,4,3.25,72.39,极度乐观
20240219,52,15,0.47,5,5.31,46.35,中性
20240220,97,14,0.42,3,3.8,55.28,乐观
20240221,88,6,0.32,1,1.73,55.45,恐慌
20240222,37,7,0.39,1,0.29,36.41,恐慌
20240223,24,11,0.28,3,4.04,56.76,恐慌
20240226,53,0,0.24,3,0.7,56.98,极度乐观
20240227,84,0,0.22,1,1.14,48.92,极度恐慌
20240228,109,0,0.3,6,0.16,52.09,乐观
20240229,73,9,0.49,4,6.34,53.13,极度乐观
20240301,117,2,0.23,2,1.45,34.3,极度乐观
20240304,31,45,0.43,4,2.6,66.0,极度乐观
20240305,76,25,0.41,5,2.17,40.99,乐观
20240306,89,9,0.39,4,-0.27,62.9,极度乐观
20240307,91,21,0.39,3,-3.39,29.37,乐观
20240308,20,8,0.37,1,0.41,55.62,极度恐慌
20240311,73,0,0.26,2,1.55,45.43,恐慌
20240312,86,0,0.42,3,0.18,48.46,乐观
20240313,82,6,0.36,5,4.59,64.0,恐慌
20240314,22,8,0.26,2,3.29,100.0,极度乐观
20240315,63,15,0.41,3,3.29,66.77,恐慌
20240318,26,0,0.28,6,0.76,68.62,中性
20240319,120,35,0.4,5,2.89,22.82,极度乐观
20240320,90,0,0.28,1,-0.93,28.73,中性
20240321,26,38,0.44,3,1.9,42.68,中性
20240322,77,48,0.27,2,-1.27,82.03,极度乐观
20240325,37,10,0.25,3,1.6,15.59,乐观
20240326,23,10,0.39,1,3.62,54.83,乐观
20240327,20,19,0.28,4,-0.57,68.77,极度乐观
20240328,120,14,0.21,3,-1.66,42.72,恐慌
20240329,79,0,0.46,4,0.6,48.14,极度乐观
20240401,24,26,0.48,6,0.14,17.56,极度恐慌
20240402,55,25,0.2,4,1.85,62.55,乐观
20240403,109,6,0.5,8,1.4,87.1,中性
20240404,33,22,0.42,3,2.35,55.82,中性
20240405,20,17,0.45,1,3.18,53.51,中性
20240408,24,22,0.49,3,0.92,68.55,极度乐观
20240409,34,5,0.28,5,0.14,52.63,极度恐慌
20240410,24,24,0.44,2,0.89,45.29,乐观
20240411,20,22,0.25,6,0.85,60.42,极度乐观
20240412,109,18,0.26,1,3.97,59.33,恐慌
20240415,136,21,0.38,1,-0.5,47.82,乐观
20240416,72,3,0.42,6,0.9,67.04,乐观
20240417,60,40,0.37,6,4.69,50.47,中性
20240418,88,53,0.42,5,-0.43,79.72,极度恐慌
20240419,69,8,0.41,3,3.33,82.71,中性
20240422,20,26,0.3,4,-2.52,71.82,恐慌
20240423,22,19,0.27,3,5.25,51.52,极度恐慌
20240424,20,24,0.21,2,4.5,37.19,乐观
20240425,107,19,0.47,7,4.16,48.65,恐慌
20240426,102,20,0.31,3,-2.62,74.51,极度乐观
20240429,78,25,0.3,6,4.64,56.03,恐慌
20240430,64,12,0.24,5,3.43,63.6,极度乐观
20240501,100,0,0.44,3,1.37,29.88,极度恐慌
20240502,20,30,0.28,4,-0.91,54.45,极度乐观
20240503,47,21,0.27,6,0.82,65.63,极度乐观
20240506,77,10,0.37,3,5.42,61.95,极度乐观
20240507,92,0,0.3,6,-0.45,11.7,中性
20240508,66,27,0.42,2,5.87,53.23,乐观
20240509,152,13,0.37,6,0.53,53.5,极度恐慌
20240510,60,18,0.31,1,2.79,70.0,中性
20240513,20,2,0.2,2,1.04,29.99,中性
20240514,48,1,0.48,3,1.86,33.15,极度乐观
20240515,37,0,0.29,6,-0.12,46.35,恐慌
20240516,95,10,0.41,1,1.37,42.62,乐观
20240517,74,45,0.3,2,-0.76,27.88,恐慌
20240520,78,11,0.38,3,-0.07,65.4,极度乐观
20240521,136,4,0.41,4,1.44,33.27,极度乐观
20240522,23,0,0.23,3,5.6,54.98,中性
20240523,42,6,0.35,4,1.5,55.99,恐慌
20240524,78,11,0.39,1,-0.62,59.68,中性
20240527,64,33,0.47,6,1.64,16.23,中性
20240528,105,19,0.46,3,1.96,18.69,恐慌
20240529,67,30,0.47,4,-4.49,14.85,中性
20240530,85,15,0.48,4,0.56,62.6,极度乐观
20240531,62,38,0.46,1,1.69,43.36,乐观
20240603,62,0,0.37,6,2.79,54.05,乐观
20240604,73,37,0.42,5,1.25,39.87,恐慌
20240605,114,0,0.42,1,-0.58,76.18,乐观
20240606,28,0,0.2,3,5.93,27.64,极度乐观
20240607,44,8,0.43,2,2.47,58.48,乐观
20240610,20,7,0.47,3,1.22,60.77,极度恐慌
20240611,44,11,0.49,5,-3.72,38.37,乐观
20240612,69,30,0.32,5,1.18,48.91,恐慌
20240613,74,10,0.26,3,0.96,68.24,恐慌
20240614,106,9,0.25,3,0.21,64.96,乐观
20240617,85,16,0.4,7,3.91,61.88,极度恐慌
20240618,43,41,0.45,4,-0.0,40.44,乐观
20240619,34,31,0.29,5,4.48,65.07,中性
20240620,69,10,0.48,3,2.44,45.06,中性
20240621,47,17,0.37,1,5.77,19.64,极度恐慌
20240624,113,1,0.28,3,2.18,7.24,中性
20240625,119,10,0.27,1,3.78,31.82,极度恐慌
20240626,20,7,0.4,4,2.77,88.41,极度恐慌
20240627,107,32,0.24,9,5.31,82.36,恐慌
20240628,117,7,0.2,2,1.98,79.15,极度恐慌
20240701,41,12,0.21,7,2.4,60.39,乐观
20240702,20,11,0.42,3,0.73,35.0,恐慌
20240703,59,13,0.26,6,2.96,50.78,恐慌
20240704,47,19,0.22,1,0.64,64.84,极度乐观
20240705,39,16,0.44,6,-0.4,24.56,乐观
20240708,68,19,0.48,4,-1.19,86.71,极度恐慌
20240709,54,28,0.29,5,0.45,67.47,中性
20240710,45,11,0.45,4,1.03,62.77,极度恐慌
20240711,65,0,0.44,8,0.84,43.17,极度恐慌
20240712,133,0,0.47,2,3.11,16.08,极度恐慌
20240715,104,4,0.33,3,3.85,61.58,极度恐慌
20240716,64,0,0.34,7,3.23,46.35,恐慌
20240717,20,20,0.38,2,1.97,30.98,极度乐观
20240718,86,8,0.21,5,4.94,37.09,极度恐慌
20240719,84,6,0.21,1,0.47,27.4,极度乐观
20240722,20,19,0.44,3,4.17,60.44,中性
20240723,20,4,0.25,5,1.73,50.31,中性
20240724,35,24,0.35,3,0.84,49.57,极度恐慌
20240725,26,7,0.27,3,2.53,45.76,乐观
20240726,48,54,0.44,3,-1.04,78.42,恐慌
20240729,59,0,0.35,3,3.67,21.96,乐观
20240730,98,12,0.33,4,1.51,14.59,恐慌
20240731,87,0,0.29,1,-0.37,60.03,中性
20240801,59,27,0.4,2,-1.29,32.51,极度恐慌
20240802,54,0,0.46,2,5.62,61.33,中性
20240805,76,1,0.43,5,1.68,75.34,极度乐观
20240806,74,12,0.29,7,3.32,43.53,中性
20240807,73,28,0.34,2,-0.0,58.47,极度恐慌
20240808,91,49,0.43,1,-0.15,42.72,恐慌
20240809,113,39,0.28,4,4.46,23.69,极度恐慌
20240812,20,2,0.4,3,2.64,20.68,乐观
20240813,55,42,0.33,2,1.54,42.78,恐慌
20240814,58,0,0.4,4,0.09,73.93,极度恐慌
20240815,51,12,0.42,2,4.56,46.37,乐观
20240816,20,21,0.44,3,4.32,72.76,极度乐观
20240819,102,23,0.46,6,1.82,55.58,极度乐观
20240820,20,15,0.23,4,-0.06,53.81,中性
20240821,20,3,0.38,4,-0.18,79.09,极度乐观
20240822,130,40,0.35,7,1.68,32.82,极度恐慌
20240823,90,27,0.38,1,4.23,22.59,极度乐观
20240826,34,9,0.48,3,-0.1,49.91,乐观
20240827,74,27,0.23,3,3.12,34.01,中性
20240828,97,22,0.48,7,-2.02,67.66,乐观
20240829,58,54,0.3,3,-3.08,61.26,极度乐观
20240830,37,19,0.38,2,-0.35,54.72,中性
20240902,110,8,0.31,5,0.64,40.86,乐观
20240903,35,0,0.31,1,0.29,50.51,中性
20240904,58,23,0.48,5,1.56,65.24,极度恐慌
20240905,20,18,0.25,1,0.91,35.21,中性
20240906,20,6,0.25,3,0.69,51.89,乐观
20240909,80,8,0.27,5,3.49,17.61,乐观
20240910,71,3,0.45,4,0.77,49.88,中性
20240911,114,1,0.31,4,2.48,54.9,极度恐慌
20240912,99,25,0.21,4,3.29,33.65,极度恐慌
20240913,32,22,0.37,5,-1.19,47.4,乐观
20240916,66,19,0.37,2,0.5,17.58,恐慌
20240917,91,20,0.2,1,4.83,60.72,极度乐观
20240918,20,18,0.35,1,2.5,98.95,中性
20240919,98,12,0.28,8,-0.99,69.89,极度恐慌
20240920,53,16,0.34,1,-1.53,73.44,乐观
20240923,63,31,0.37,4,-2.8,56.83,乐观
20240924,114,17,0.5,6,-1.61,100.0,中性
20240925,87,7,0.31,4,1.54,56.56,恐慌
20240926,20,0,0.33,7,0.74,47.42,极度恐慌
20240927,121,31,0.33,1,0.44,69.32,乐观
20240930,27,24,0.32,1,1.44,73.16,恐慌
20241001,107,10,0.37,4,-0.51,58.4,极度乐观
20241002,47,0,0.23,4,0.34,52.02,恐慌
20241003,34,35,0.45,5,2.07,53.12,乐观
20241004,51,7,0.5,7,0.14,46.16,极度恐慌
20241007,49,0,0.21,4,7.6,66.53,恐慌
20241008,47,15,0.29,5,-0.34,31.67,恐慌
20241009,89,21,0.3,4,2.0,27.99,乐观
20241010,20,0,0.3,3,1.83,58.37,恐慌
20241011,20,21,0.28,7,3.1,51.58,乐观
20241014,50,1,0.31,1,5.06,69.42,恐慌
20241015,22,13,0.48,1,4.05,39.39,极度恐慌
20241016,79,34,0.47,4,2.52,78.46,恐慌
20241017,53,23,0.41,6,1.38,53.52,极度恐慌
20241018,20,20,0.28,3,0.31,58.06,极度乐观
20241021,45,18,0.4,4,-0.49,68.53,极度恐慌
20241022,38,24,0.5,5,0.13,20.25,乐观
20241023,20,26,0.39,1,1.67,79.12,乐观
20241024,89,12,0.32,7,-0.53,66.98,恐慌
20241025,62,39,0.4,1,0.79,49.98,乐观
20241028,20,0,0.36,5,1.82,33.11,乐观
20241029,20,0,0.24,4,-0.5,46.85,极度恐慌
20241030,101,7,0.33,6,1.83,45.67,恐慌
20241031,20,15,0.22,1,2.11,34.32,恐慌
20241101,61,21,0.29,4,2.97,24.06,乐观
20241104,136,15,0.41,3,-0.31,59.71,乐观
20241105,99,0,0.44,1,1.98,74.57,乐观
20241106,30,0,0.41,6,0.76,41.25,极度恐慌
20241107,133,15,0.3,5,2.26,37.74,极度恐慌
20241108,75,29,0.2,2,-2.57,77.81,极度恐慌
20241111,124,3,0.22,4,-1.53,0.0,中性
20241112,27,28,0.35,5,2.05,76.44,恐慌
20241113,77,0,0.26,2,-3.53,41.27,极度乐观
20241114,102,2,0.36,3,5.26,46.74,极度乐观
20241115,89,44,0.27,1,6.29,51.26,中性
20241118,22,21,0.46,6,2.57,56.72,恐慌
20241119,82,0,0.27,2,1.86,24.77,恐慌
20241120,44,17,0.4,5,-1.14,56.16,中性
20241121,76,32,0.21,4,-1.57,36.37,极度恐慌
20241122,74,6,0.41,5,2.89,72.25,乐观
20241125,110,9,0.43,4,1.41,34.61,极度恐慌
20241126,112,0,0.26,6,4.57,20.95,恐慌
20241127,20,27,0.22,5,2.92,62.24,中性
20241128,93,10,0.36,5,2.21,42.86,恐慌
20241129,127,27,0.25,3,2.18,100.0,极度恐慌
20241202,36,19,0.5,5,2.65,29.23,极度恐慌
20241203,83,1,0.22,4,2.04,57.41,乐观
20241204,46,34,0.27,1,-0.47,51.33,乐观
20241205,20,11,0.34,4,1.9,39.35,中性
20241206,87,36,0.37,3,3.48,59.54,乐观
20241209,94,3,0.44,3,1.6,37.48,极度恐慌
20241210,20,0,0.25,5,-1.56,31.28,中性
20241211,56,19,0.33,1,-0.32,56.39,极度乐观
20241212,65,15,0.39,7,4.3,2.67,极度恐慌
20241213,20,6,0.23,7,2.04,45.36,极度乐观
20241216,20,16,0.29,3,2.8,33.57,极度恐慌
20241217,20,37,0.21,3,0.48,53.51,极度恐慌
20241218,52,4,0.42,1,2.68,40.63,乐观
20241219,20,28,0.36,3,-1.2,56.99,极度恐慌
20241220,67,28,0.39,6,0.9,25.09,中性
20241223,72,14,0.36,6,5.18,72.64,乐观
20241224,79,0,0.27,5,-1.99,100.0,恐慌
20241225,75,7,0.29,3,1.62,59.19,恐慌
20241226,20,9,0.28,3,1.59,84.44,极度恐慌
20241227,100,15,0.24,7,-0.18,89.95,恐慌
20241230,20,4,0.41,1,2.47,62.76,中性
20241231,20,25,0.34,5,0.0,20.29,乐观
20250101,20,6,0.48,4,3.92,23.74,中性
20250102,86,29,0.44,6,-0.38,71.64,中性
20250103,55,40,0.48,5,-0.2,77.77,乐观
20250106,70,4,0.32,2,3.83,65.46,乐观
20250107,68,25,0.29,3,3.33,46.91,乐观
20250108,20,7,0.35,5,1.45,29.87,乐观
20250109,20,5,0.42,4,1.06,54.28,乐观
20250110,91,30,0.2,4,0.44,64.29,中性
20250113,91,0,0.46,1,3.33,61.95,极度乐观
20250114,84,25,0.24,4,0.82,61.9,乐观
20250115,54,6,0.21,3,0.6,69.53,恐慌
20250116,20,6,0.33,7,3.53,71.85,极度乐观
20250117,150,16,0.27,4,5.84,38.58,极度乐观
20250120,68,15,0.42,3,2.62,50.99,极度恐慌
20250121,20,0,0.35,5,1.92,66.85,极度恐慌
20250122,52,22,0.45,4,1.1,66.59,恐慌
20250123,43,0,0.23,4,1.08,50.82,中性
20250124,54,1,0.28,2,3.16,47.95,极度恐慌
20250127,83,30,0.49,6,0.79,45.54,极度乐观
20250128,93,14,0.27,4,-1.25,27.42,乐观
20250129,69,0,0.31,2,2.32,27.51,乐观
20250130,69,14,0.48,4,2.39,37.81,恐慌
20250131,50,0,0.34,4,2.27,68.35,极度乐观
20250203,41,34,0.23,5,4.14,45.18,乐观
20250204,92,17,0.22,5,1.56,68.27,乐观
20250205,127,31,0.27,5,3.81,61.76,乐观
20250206,20,15,0.49,1,2.08,61.38,极度恐慌
20250207,20,14,0.27,3,1.74,35.49,中性
20250210,101,19,0.27,6,4.17,61.74,乐观
20250211,20,6,0.47,6,-0.88,32.61,恐慌
20250212,43,18,0.25,5,2.29,41.51,极度恐慌
20250213,20,39,0.35,6,0.47,56.18,恐慌
20250214,37,2,0.29,1,4.77,20.53,恐慌
20250217,110,9,0.42,1,0.6,57.36,恐慌
20250218,20,0,0.38,5,3.03,31.17,中性
20250219,36,19,0.46,3,-1.83,75.33,极度乐观
20250220,89,24,0.21,1,1.18,43.58,乐观
20250221,63,16,0.23,1,3.43,41.22,恐慌
