日期,开盘,收盘,最高,最低,涨跌幅,涨跌额,成交量,成交额,振幅,换手率
2023-05-10,996.87,983.74,999.56,976.71,-1.63,-16.26,126685798,103864875653.0,2.29,0.63
2023-05-11,982.39,969.56,982.97,966.98,-1.44,-14.18,86092408,77012977463.0,1.63,0.43
2023-05-12,966.55,953.62,973.93,953.33,-1.64,-15.94,81990828,69390207996.0,2.12,0.41
2023-05-15,953.85,961.43,961.43,931.79,0.82,7.81,105365612,83110606554.0,3.11,0.53
2023-05-16,960.6,948.88,965.33,946.82,-1.31,-12.55,77895312,69423328192.0,1.93,0.39
2023-05-17,945.49,949.64,953.84,939.49,0.08,0.76,66855762,60626955312.0,1.51,0.33
2023-05-18,951.25,957.49,964.72,950.95,0.83,7.85,75187422,67792726507.0,1.45,0.38
2023-05-19,954.25,946.11,954.25,940.61,-1.19,-11.38,62801454,55316192900.0,1.42,0.31
2023-05-22,943.62,944.89,952.05,940.23,-0.13,-1.22,53461385,45475614798.0,1.25,0.27
2023-05-23,944.5,925.57,945.49,925.57,-2.04,-19.32,65481766,51419612973.0,2.11,0.33
2023-05-24,922.77,910.91,922.77,910.08,-1.58,-14.66,72802079,58479238901.0,1.37,0.36
2023-05-25,908.67,912.62,915.72,899.91,0.19,1.71,61843577,53095012938.0,1.74,0.31
2023-05-26,911.05,920.87,922.86,907.69,0.9,8.25,49761263,47417137950.0,1.66,0.25
2023-05-29,923.22,933.38,936.3,923.22,1.36,12.51,62579740,57101869302.0,1.42,0.31
2023-05-30,930.96,945.07,946.34,928.83,1.25,11.69,69582188,65103376266.0,1.88,0.35
2023-05-31,942.33,943.94,946.89,940.14,-0.12,-1.13,59149048,55801841385.0,0.71,0.3
2023-06-01,941.02,945.01,952.24,937.6,0.11,1.07,65882983,65393442050.0,1.55,0.33
2023-06-02,947.48,943.31,951.47,942.52,-0.18,-1.7,53621077,54612422533.0,0.95,0.27
2023-06-05,943.25,944.11,950.51,942.04,0.08,0.8,56003561,50056102711.0,0.9,0.28
2023-06-06,943.82,931.64,950.8,929.33,-1.32,-12.47,58493039,53897550886.0,2.27,0.29
2023-06-07,932.02,935.77,938.67,930.21,0.44,4.13,44902968,41781958350.0,0.91,0.22
2023-06-08,934.93,944.18,946.49,929.69,0.9,8.41,56421914,47336050285.0,1.8,0.28
2023-06-09,944.18,950.82,950.9,939.6,0.7,6.64,58080357,58443233623.0,1.2,0.29
2023-06-12,948.88,940.88,950.24,940.47,-1.05,-9.94,57904928,56043905186.0,1.03,0.29
2023-06-13,938.67,940.91,941.05,934.95,0.0,0.03,50924319,59067626081.0,0.65,0.25
2023-06-14,941.28,938.52,945.49,937.32,-0.25,-2.39,54458594,56062295760.0,0.87,0.27
2023-06-15,938.71,939.15,940.19,933.0,0.07,0.63,48982570,49209351701.0,0.77,0.24
2023-06-16,941.89,954.35,955.28,941.89,1.62,15.2,64494409,66736377698.0,1.43,0.32
2023-06-19,953.28,952.24,954.03,946.76,-0.22,-2.11,63887186,67807136231.0,0.76,0.32
2023-06-20,950.69,946.48,951.57,945.97,-0.6,-5.76,55045359,65899250016.0,0.59,0.27
2023-06-21,943.84,935.82,949.42,935.82,-1.13,-10.66,54936116,59929149595.0,1.44,0.27
2023-06-26,929.45,916.91,931.43,915.18,-2.02,-18.91,56588747,58485668688.0,1.74,0.28
2023-06-27,919.45,938.6,940.94,917.05,2.37,21.69,57561375,55115041436.0,2.61,0.29
2023-06-28,937.65,937.35,939.28,927.25,-0.13,-1.25,45970382,49751761927.0,1.28,0.23
2023-06-29,935.98,938.09,941.58,932.76,0.08,0.74,39068038,40537351255.0,0.94,0.2
2023-06-30,937.8,941.83,945.41,937.28,0.4,3.74,39905312,40966100113.0,0.87,0.2
2023-07-03,943.3,952.37,954.67,939.98,1.12,10.54,54196317,52823665846.0,1.56,0.27
2023-07-04,951.21,951.09,954.24,946.74,-0.13,-1.28,46434007,48003313652.0,0.79,0.23
2023-07-05,950.55,947.14,956.03,945.87,-0.42,-3.95,38527512,40447544081.0,1.07,0.19
2023-07-06,945.76,941.67,949.33,940.17,-0.58,-5.47,37585541,38004441142.0,0.97,0.19
2023-07-07,939.82,942.27,947.66,934.81,0.06,0.6,40717443,40653192133.0,1.36,0.2
2023-07-10,945.18,944.05,947.49,939.46,0.19,1.78,33961324,33973698834.0,0.85,0.17
2023-07-11,944.89,946.87,947.39,940.97,0.3,2.82,34036502,37135802024.0,0.68,0.17
2023-07-12,947.64,934.24,948.17,933.64,-1.33,-12.63,43648443,45009052817.0,1.53,0.22
2023-07-13,937.3,944.66,945.54,936.95,1.12,10.42,50264746,48902717432.0,0.92,0.25
2023-07-14,945.01,950.99,956.61,945.01,0.67,6.33,54595871,53137502877.0,1.23,0.27
2023-07-17,948.83,952.16,952.28,944.44,0.12,1.17,44591547,42000899596.0,0.82,0.22
2023-07-18,952.22,946.66,952.22,946.17,-0.58,-5.5,38363556,34430855692.0,0.64,0.19
2023-07-19,946.97,948.76,950.69,943.3,0.22,2.1,31859739,28959627017.0,0.78,0.16
2023-07-20,949.53,936.1,951.04,935.29,-1.33,-12.66,36493223,34600727981.0,1.66,0.18
2023-07-21,934.94,933.18,938.17,929.96,-0.31,-2.92,29578236,26619896175.0,0.88,0.15
2023-07-24,931.11,935.98,941.78,929.46,0.3,2.8,29665860,30349359670.0,1.32,0.15
2023-07-25,945.22,949.84,949.97,943.4,1.48,13.86,55103760,47214600893.0,0.7,0.28
2023-07-26,949.45,944.75,950.14,941.82,-0.54,-5.09,36211865,32866630246.0,0.88,0.18
2023-07-27,944.47,943.93,952.38,942.07,-0.09,-0.82,44040842,35836519741.0,1.09,0.22
2023-07-28,942.0,957.84,958.6,938.98,1.47,13.91,62018944,50782646331.0,2.08,0.31
2023-07-31,959.2,964.95,969.75,959.2,0.74,7.11,71641211,58550890243.0,1.1,0.36
2023-08-01,964.82,967.75,969.91,962.2,0.29,2.8,52551295,47101210766.0,0.8,0.26
2023-08-02,965.43,957.01,965.56,954.38,-1.11,-10.74,54925352,41048436563.0,1.16,0.27
2023-08-03,954.72,960.56,961.36,951.63,0.37,3.55,42334568,33611556011.0,1.02,0.21
2023-08-04,963.83,964.5,970.48,963.83,0.41,3.94,64100783,54167877859.0,0.69,0.32
2023-08-07,961.86,958.18,961.86,956.02,-0.66,-6.32,44487212,38230388112.0,0.61,0.22
2023-08-08,956.98,955.33,959.76,953.86,-0.3,-2.85,37021349,32243361375.0,0.62,0.18
2023-08-09,953.72,948.73,955.47,947.42,-0.69,-6.6,32723861,30672902539.0,0.84,0.16
2023-08-10,949.19,951.74,954.14,946.71,0.32,3.01,32816916,28216951831.0,0.78,0.16
2023-08-11,951.97,933.16,952.76,933.16,-1.95,-18.58,48634887,37410550680.0,2.06,0.24
2023-08-14,926.15,940.07,941.06,924.79,0.74,6.91,46680382,37820723272.0,1.74,0.23
2023-08-15,940.25,943.45,944.8,934.18,0.36,3.38,41023501,32834219914.0,1.13,0.2
2023-08-16,940.88,930.73,940.88,930.42,-1.35,-12.72,35295744,33025501276.0,1.11,0.18
2023-08-17,927.72,933.31,934.34,921.9,0.28,2.58,37319879,30222882773.0,1.34,0.19
2023-08-18,932.87,922.55,938.37,922.55,-1.15,-10.76,39891213,31530650619.0,1.7,0.2
2023-08-21,921.33,914.9,928.43,914.9,-0.83,-7.65,38202972,30488633304.0,1.47,0.19
2023-08-22,917.89,929.21,930.31,915.88,1.56,14.31,52416074,42163076088.0,1.58,0.26
2023-08-23,927.41,917.69,928.15,917.46,-1.24,-11.52,42269096,34230200286.0,1.15,0.21
2023-08-24,920.18,900.35,922.56,900.35,-1.89,-17.34,60247612,44412108272.0,2.42,0.3
2023-08-25,895.88,893.75,901.14,890.38,-0.73,-6.6,44992340,35508878562.0,1.2,0.22
2023-08-28,935.24,905.41,935.61,902.21,1.3,11.66,71949187,56167764496.0,3.74,0.36
2023-08-29,903.04,910.76,915.03,902.49,0.59,5.35,59530535,45665952278.0,1.39,0.3
2023-08-30,912.13,908.91,915.94,906.13,-0.2,-1.85,51807144,43475168847.0,1.08,0.26
2023-08-31,908.63,905.69,912.53,903.16,-0.35,-3.22,46941878,37360213299.0,1.03,0.23
2023-09-01,906.12,910.04,912.0,905.41,0.48,4.35,42486899,32424496427.0,0.73,0.21
2023-09-04,913.06,926.24,926.24,913.06,1.78,16.2,58994740,46324547978.0,1.45,0.29
2023-09-05,924.51,918.86,924.51,917.64,-0.8,-7.38,38447820,33199881465.0,0.74,0.19
2023-09-06,916.69,915.37,917.0,910.12,-0.38,-3.49,34961664,29469872169.0,0.75,0.17
2023-09-07,914.35,906.22,916.12,905.9,-1.0,-9.15,37905737,30590169776.0,1.12,0.19
2023-09-08,904.52,906.23,908.99,900.7,0.0,0.01,30135161,27441861948.0,0.91,0.15
2023-09-11,908.54,914.59,918.86,907.58,0.92,8.36,40662146,37996874289.0,1.24,0.2
2023-09-12,913.39,914.74,917.14,913.07,0.02,0.15,32027925,27989011189.0,0.45,0.16
2023-09-13,913.97,909.83,916.03,905.83,-0.54,-4.91,36289950,30315391389.0,1.12,0.18
2023-09-14,910.2,916.55,917.71,909.76,0.74,6.72,49540516,36748554435.0,0.87,0.25
2023-09-15,918.34,910.22,921.12,907.28,-0.69,-6.33,52451837,40269028818.0,1.51,0.26
2023-09-18,908.37,907.09,908.37,901.93,-0.34,-3.13,37944874,30020481781.0,0.71,0.19
2023-09-19,906.35,907.62,909.8,905.09,0.06,0.53,37306619,30411783835.0,0.52,0.19
2023-09-20,907.34,904.52,908.62,903.89,-0.34,-3.1,34640959,25282813077.0,0.52,0.17
2023-09-21,903.43,899.5,908.82,899.5,-0.55,-5.02,35574030,26763784723.0,1.03,0.18
2023-09-22,899.97,910.48,910.67,898.4,1.22,10.98,45130481,38294988049.0,1.36,0.23
2023-09-25,910.29,905.09,912.55,904.21,-0.59,-5.39,39040896,30562381732.0,0.92,0.19
2023-09-26,905.14,901.79,908.28,901.79,-0.36,-3.3,35285202,30417581749.0,0.72,0.18
2023-09-27,901.91,900.1,905.55,899.87,-0.19,-1.69,39515104,31079733092.0,0.63,0.2
2023-09-28,902.81,902.76,904.16,899.33,0.3,2.66,34031069,27388680726.0,0.54,0.17
2023-10-09,900.35,903.68,905.52,892.82,0.1,0.92,42576756,33555864969.0,1.41,0.21
2023-10-10,904.92,888.44,906.48,887.29,-1.69,-15.24,50040472,37429182773.0,2.12,0.25
2023-10-11,889.5,887.21,892.55,885.6,-0.14,-1.23,45220037,40886407156.0,0.78,0.23
2023-10-12,892.05,897.33,898.16,892.05,1.14,10.12,57640533,42186383932.0,0.69,0.29
2023-10-13,893.24,891.17,894.0,889.41,-0.69,-6.16,46134331,34243765151.0,0.51,0.23
2023-10-16,892.7,891.12,893.58,887.76,-0.01,-0.05,39327620,30900283446.0,0.65,0.2
2023-10-17,892.67,898.71,898.87,890.53,0.85,7.59,38820408,31684378429.0,0.94,0.19
2023-10-18,898.4,889.91,898.57,889.8,-0.98,-8.8,41844750,35918279026.0,0.98,0.21
2023-10-19,886.74,874.66,886.87,874.66,-1.71,-15.25,50285037,40646475285.0,1.37,0.25
2023-10-20,871.74,866.36,874.54,865.39,-0.95,-8.3,40556160,32508737763.0,1.05,0.2
2023-10-23,864.44,855.41,865.71,851.09,-1.26,-10.95,41457784,33680389112.0,1.69,0.21
2023-10-24,857.52,858.17,859.56,851.44,0.32,2.76,46875034,40447763498.0,0.95,0.23
2023-10-25,867.1,863.68,871.04,863.13,0.64,5.51,59436606,48005179598.0,0.92,0.3
2023-10-26,859.83,870.67,871.35,858.18,0.81,6.99,45985590,37466294849.0,1.52,0.23
2023-10-27,868.4,874.58,877.83,866.71,0.45,3.91,46078996,36059507836.0,1.28,0.23
2023-10-30,871.47,867.94,872.68,863.4,-0.76,-6.64,61609425,45236350990.0,1.06,0.31
2023-10-31,866.87,866.38,868.0,862.8,-0.18,-1.56,42303818,33061033407.0,0.6,0.21
2023-11-01,867.86,864.42,867.86,861.0,-0.23,-1.96,36922084,28455635970.0,0.79,0.18
2023-11-02,865.02,862.02,870.62,861.95,-0.28,-2.4,36733186,26361467160.0,1.0,0.18
2023-11-03,862.76,864.44,869.31,862.69,0.28,2.42,37697896,29808055256.0,0.77,0.19
2023-11-06,867.56,868.23,869.13,863.73,0.44,3.79,56196319,45216203801.0,0.62,0.28
2023-11-07,866.85,869.34,871.46,863.76,0.13,1.11,40177226,34236786407.0,0.89,0.2
2023-11-08,867.73,866.49,870.91,862.51,-0.33,-2.85,37556129,33100359549.0,0.97,0.19
2023-11-09,865.73,868.92,871.59,865.25,0.28,2.43,38105598,30893305583.0,0.73,0.19
2023-11-10,866.45,866.87,868.65,861.38,-0.24,-2.05,37421923,30128364976.0,0.84,0.19
2023-11-13,868.84,873.48,873.61,864.91,0.76,6.61,37717496,33207906663.0,1.0,0.19
2023-11-14,873.77,875.21,877.9,872.06,0.2,1.73,38354164,33139492835.0,0.67,0.19
2023-11-15,880.38,880.05,881.26,877.35,0.55,4.84,40401827,35857353117.0,0.45,0.2
2023-11-16,877.76,874.74,879.23,874.74,-0.6,-5.31,34090803,28329256025.0,0.51,0.17
2023-11-17,872.71,872.29,874.45,868.24,-0.28,-2.45,33204663,27179643934.0,0.71,0.17
2023-11-20,872.92,877.58,878.32,870.9,0.61,5.29,32862363,29527640132.0,0.85,0.16
2023-11-21,879.05,875.3,881.81,874.23,-0.26,-2.28,39549505,30941453483.0,0.86,0.2
2023-11-22,874.14,869.23,876.46,869.23,-0.69,-6.07,32819428,26077877676.0,0.83,0.16
2023-11-23,868.64,873.62,874.05,864.63,0.51,4.39,28452205,22960768973.0,1.08,0.14
2023-11-24,874.31,868.51,874.48,867.06,-0.58,-5.11,31083201,25941187847.0,0.85,0.16
2023-11-27,868.02,865.63,868.02,860.72,-0.33,-2.88,41084589,29818455819.0,0.84,0.21
2023-11-28,864.87,865.2,865.91,860.88,-0.05,-0.43,30682333,23371427806.0,0.58,0.15
2023-11-29,865.52,859.32,865.52,858.41,-0.68,-5.88,36880233,26357092070.0,0.82,0.18
2023-11-30,859.15,864.83,865.92,858.87,0.64,5.51,43528479,32662129540.0,0.82,0.22
2023-12-01,864.3,871.49,872.25,862.73,0.77,6.66,43100848,33647566308.0,1.1,0.22
2023-12-04,873.06,876.85,880.19,873.06,0.62,5.36,36251090,31925815069.0,0.82,0.18
2023-12-05,874.92,862.73,874.97,862.55,-1.61,-14.12,37192342,30255116442.0,1.42,0.19
2023-12-06,861.32,858.74,862.34,854.06,-0.46,-3.99,41970135,29964779775.0,0.96,0.21
2023-12-07,857.72,858.94,861.37,853.58,0.02,0.2,39300243,30265800166.0,0.91,0.2
2023-12-08,859.43,862.19,867.04,857.85,0.38,3.25,54684213,44224865777.0,1.07,0.27
2023-12-11,858.59,869.43,869.78,850.59,0.84,7.24,55077884,41574255323.0,2.23,0.28
2023-12-12,867.54,874.14,874.54,865.45,0.54,4.71,43262262,33812023458.0,1.05,0.22
2023-12-13,872.27,866.32,872.77,866.32,-0.89,-7.82,34502556,27463786433.0,0.74,0.17
2023-12-14,868.89,864.41,870.76,864.01,-0.22,-1.91,29317795,24049978341.0,0.78,0.15
2023-12-15,865.78,858.43,867.97,857.92,-0.69,-5.98,35565772,26919986993.0,1.16,0.18
2023-12-18,857.69,855.34,863.02,854.41,-0.36,-3.09,37702322,28698162843.0,1.0,0.19
2023-12-19,854.88,856.55,858.47,851.44,0.14,1.21,31879156,24972840377.0,0.82,0.16
2023-12-20,857.06,850.7,861.99,850.57,-0.68,-5.85,35890260,27161309889.0,1.33,0.18
2023-12-21,848.01,854.5,855.47,845.04,0.45,3.8,36371123,27118231289.0,1.23,0.18
2023-12-22,854.65,855.24,860.84,852.59,0.09,0.74,40542608,30142201540.0,0.97,0.2
2023-12-25,853.69,855.32,856.32,850.66,0.01,0.08,27899235,22530446085.0,0.66,0.14
2023-12-26,854.71,848.19,855.3,847.43,-0.83,-7.13,29330797,24724161900.0,0.92,0.15
2023-12-27,848.48,856.09,857.09,847.05,0.93,7.9,37737595,28160048907.0,1.18,0.19
2023-12-28,855.4,860.15,862.24,854.4,0.47,4.06,55710885,40662451921.0,0.92,0.28
2023-12-29,858.59,864.77,865.5,858.15,0.54,4.62,39352270,30913193097.0,0.85,0.2
2024-01-02,865.4,867.92,871.35,864.37,0.36,3.15,45494964,34481459943.0,0.81,0.23
2024-01-03,866.76,873.5,873.9,866.19,0.64,5.58,45070264,34239505721.0,0.89,0.23
2024-01-04,872.8,871.99,874.59,865.75,-0.17,-1.51,44323996,33037700432.0,1.01,0.22
2024-01-05,870.93,866.87,877.81,863.16,-0.59,-5.12,53551449,36665996325.0,1.68,0.27
2024-01-08,865.5,854.39,865.51,854.39,-1.44,-12.48,46882786,32908197096.0,1.28,0.23
2024-01-09,853.24,852.14,855.17,847.65,-0.26,-2.25,43254681,31560478157.0,0.88,0.22
2024-01-10,849.81,844.33,851.75,844.33,-0.92,-7.81,35530001,26394489332.0,0.87,0.18
2024-01-11,843.81,845.32,848.4,840.75,0.12,0.99,43169664,30791978574.0,0.91,0.22
2024-01-12,843.9,848.24,852.46,843.49,0.35,2.92,37537522,26832967939.0,1.06,0.19
2024-01-15,846.25,851.02,855.12,844.14,0.33,2.78,35996196,26958428405.0,1.29,0.18
2024-01-16,849.54,851.81,852.52,842.51,0.09,0.79,42112203,28812727974.0,1.18,0.21
2024-01-17,850.61,838.57,852.22,838.57,-1.55,-13.24,42539659,28834198898.0,1.6,0.21
2024-01-18,835.82,836.14,837.93,811.5,-0.29,-2.43,72945557,47557596364.0,3.15,0.36
2024-01-19,833.43,831.27,836.43,828.23,-0.58,-4.87,45037439,30621431573.0,0.98,0.22
2024-01-22,830.05,808.76,831.69,803.99,-2.71,-22.51,58668884,38262764723.0,3.33,0.29
2024-01-23,806.62,816.23,819.89,800.27,0.92,7.47,46676263,34238782812.0,2.43,0.23
2024-01-24,818.66,843.33,843.33,815.44,3.32,27.1,66424792,44393359355.0,3.42,0.33
2024-01-25,844.39,885.3,885.3,843.35,4.98,41.97,101412009,70018666955.0,4.97,0.51
2024-01-26,883.37,889.58,894.22,880.01,0.48,4.28,90581534,62859811801.0,1.61,0.45
2024-01-29,890.76,894.12,911.33,890.76,0.51,4.54,103171033,70483543253.0,2.31,0.52
2024-01-30,888.03,882.45,899.91,881.39,-1.31,-11.67,74976013,54833164480.0,2.07,0.37
2024-01-31,876.62,872.02,887.5,867.53,-1.18,-10.43,73578309,53186310326.0,2.26,0.37
2024-02-01,865.37,860.24,873.41,856.56,-1.35,-11.78,68228977,50249026991.0,1.93,0.34
2024-02-02,859.56,853.16,871.54,831.87,-0.82,-7.08,80998638,56724255890.0,4.61,0.4
2024-02-05,847.87,842.99,857.63,822.2,-1.19,-10.17,93948425,64615358096.0,4.15,0.47
2024-02-06,835.8,871.8,877.01,835.03,3.42,28.81,91340747,64145182627.0,4.98,0.46
2024-02-07,871.08,889.0,889.0,865.79,1.97,17.2,101213460,70598855999.0,2.66,0.51
2024-02-08,890.2,892.66,899.02,887.19,0.41,3.66,84536391,60528376019.0,1.33,0.42
2024-02-19,898.18,910.53,910.53,891.55,2.0,17.87,85023402,65602237972.0,2.13,0.42
2024-02-20,906.89,915.56,916.77,901.96,0.55,5.03,61515734,49249981107.0,1.63,0.31
2024-02-21,910.05,917.44,930.69,907.3,0.21,1.88,77679764,58906855218.0,2.55,0.39
2024-02-22,919.15,931.46,931.46,918.58,1.53,14.02,59748336,53696567137.0,1.4,0.3
2024-02-23,933.88,932.63,936.56,925.99,0.13,1.17,62551538,52742441588.0,1.13,0.31
2024-02-26,932.49,921.73,935.87,918.59,-1.17,-10.9,70355770,59099144940.0,1.85,0.35
2024-02-27,917.88,936.25,936.25,916.69,1.58,14.52,56248775,52711554578.0,2.12,0.28
2024-02-28,936.45,925.1,942.4,925.1,-1.19,-11.15,76597194,75290989106.0,1.85,0.38
2024-02-29,921.02,942.86,942.89,920.75,1.92,17.76,60289949,60911975841.0,2.39,0.3
2024-03-01,941.51,948.88,949.98,941.08,0.64,6.02,58768747,62286156732.0,0.94,0.29
2024-03-04,949.26,953.6,953.99,943.84,0.5,4.72,64203298,65823787686.0,1.07,0.32
2024-03-05,950.18,958.28,959.42,948.87,0.49,4.68,66708029,67655124699.0,1.11,0.33
2024-03-06,956.7,956.53,961.62,954.76,-0.18,-1.75,56406494,56998225270.0,0.72,0.28
2024-03-07,955.66,954.07,967.05,953.85,-0.26,-2.46,57296305,55882606708.0,1.38,0.29
2024-03-08,954.27,965.49,966.16,951.7,1.2,11.42,50200615,50350182498.0,1.52,0.25
2024-03-11,963.85,963.67,966.69,954.34,-0.19,-1.82,54774823,54995442946.0,1.28,0.27
2024-03-12,963.33,943.55,963.33,941.06,-2.09,-20.12,72212165,67054943099.0,2.31,0.36
2024-03-13,942.59,940.05,945.45,935.25,-0.37,-3.5,54477365,53398584437.0,1.08,0.27
2024-03-14,938.06,941.49,946.98,936.69,0.15,1.44,52988818,49943784053.0,1.09,0.26
2024-03-15,939.5,945.84,946.25,934.07,0.46,4.35,50804761,45973110144.0,1.29,0.25
2024-03-18,945.9,955.57,955.64,945.9,1.03,9.73,57087006,55199753627.0,1.03,0.29
2024-03-19,954.36,947.09,955.36,947.0,-0.89,-8.48,48170438,45420958513.0,0.87,0.24
2024-03-20,945.97,952.87,954.45,943.59,0.61,5.78,48007530,48532059142.0,1.15,0.24
2024-03-21,953.88,951.55,955.52,949.77,-0.14,-1.32,44257217,44288186784.0,0.6,0.22
2024-03-22,949.55,942.77,950.7,935.93,-0.92,-8.78,50775328,49859183295.0,1.55,0.25
2024-03-25,940.63,939.88,953.31,939.19,-0.31,-2.89,50518456,48849266627.0,1.5,0.25
2024-03-26,939.53,940.79,943.8,933.3,0.1,0.91,47095207,45209678057.0,1.12,0.24
2024-03-27,940.66,932.08,943.41,932.08,-0.93,-8.71,49735954,44215306356.0,1.2,0.25
2024-03-28,929.38,937.54,942.52,927.73,0.59,5.46,60105554,50695841324.0,1.59,0.3
2024-03-29,936.23,950.85,950.86,935.73,1.42,13.31,58090109,49195480650.0,1.61,0.29
2024-04-01,953.6,959.29,959.55,953.6,0.89,8.44,57909292,49759373468.0,0.63,0.29
2024-04-02,957.93,958.67,962.37,955.72,-0.06,-0.62,52509159,43945172258.0,0.69,0.26
2024-04-03,958.65,957.99,959.58,952.62,-0.07,-0.68,48234050,42040022601.0,0.73,0.24
2024-04-08,955.03,957.89,967.47,950.59,-0.01,-0.1,60882659,49140547884.0,1.76,0.3
2024-04-09,957.32,952.02,959.54,947.07,-0.61,-5.87,51043927,41001923606.0,1.3,0.25
2024-04-10,951.04,947.23,955.76,942.93,-0.5,-4.79,46677493,38846261813.0,1.35,0.23
2024-04-11,943.24,955.62,960.88,943.11,0.89,8.39,47147387,38980531227.0,1.88,0.24
2024-04-12,955.6,954.19,961.19,952.64,-0.15,-1.43,49137758,41229517636.0,0.89,0.25
2024-04-15,955.09,983.28,984.36,950.74,3.05,29.09,95039351,73258762316.0,3.52,0.47
2024-04-16,977.64,971.96,987.22,971.03,-1.15,-11.32,93559400,75947071616.0,1.65,0.47
2024-04-17,968.3,992.8,992.8,964.48,2.14,20.84,84694623,67226185836.0,2.91,0.42
2024-04-18,987.46,991.03,999.33,986.88,-0.18,-1.77,86230629,69043244663.0,1.25,0.43
2024-04-19,986.41,994.67,1000.67,986.41,0.37,3.64,74194073,64126907930.0,1.44,0.37
2024-04-22,993.27,980.46,998.39,979.56,-1.43,-14.21,74244455,63333761176.0,1.89,0.37
2024-04-23,977.76,962.43,978.98,959.84,-1.84,-18.03,67495782,55658459171.0,1.95,0.34
2024-04-24,964.51,972.42,972.55,963.13,1.04,9.99,52159167,45310665421.0,0.98,0.26
2024-04-25,970.05,971.55,974.26,967.72,-0.09,-0.87,46449625,38081853240.0,0.67,0.23
2024-04-26,970.2,977.42,978.56,969.46,0.6,5.87,74790698,63806377172.0,0.94,0.37
2024-04-29,976.07,977.14,979.02,966.39,-0.03,-0.28,86211371,74005733169.0,1.29,0.43
2024-04-30,974.78,971.29,978.44,969.65,-0.6,-5.85,76211796,63222397114.0,0.9,0.38
2024-05-06,978.13,980.1,980.42,973.06,0.91,8.81,82563437,69124280616.0,0.76,0.41
2024-05-07,978.72,980.23,981.87,976.01,0.01,0.13,62211251,52122892636.0,0.6,0.31
2024-05-08,978.44,974.13,979.1,973.26,-0.62,-6.1,53138747,44828023440.0,0.6,0.27
2024-05-09,973.89,985.78,986.61,973.89,1.2,11.65,60220120,50881245810.0,1.31,0.3
2024-05-10,988.35,988.75,990.58,983.22,0.3,2.97,67225758,56077708105.0,0.75,0.34
2024-05-13,984.53,993.87,997.04,981.22,0.52,5.12,75977287,61526830645.0,1.6,0.38
2024-05-14,993.74,991.03,995.0,987.86,-0.29,-2.84,57236840,48034111988.0,0.72,0.29
2024-05-15,988.7,980.04,989.08,979.44,-1.11,-10.99,47858438,41644941322.0,0.97,0.24
2024-05-16,981.7,980.65,985.31,977.66,0.06,0.61,61399625,50768163500.0,0.78,0.31
2024-05-17,980.67,986.95,986.95,977.23,0.64,6.3,60561350,48891139865.0,0.99,0.3
2024-05-20,987.17,994.06,994.97,987.13,0.72,7.11,69922798,57857065272.0,0.79,0.35
2024-05-21,993.3,990.96,994.78,988.03,-0.31,-3.1,51295755,42425069974.0,0.68,0.26
2024-05-22,990.54,990.46,995.71,988.59,-0.05,-0.5,53713253,42587849679.0,0.72,0.27
2024-05-23,987.66,976.09,987.77,974.22,-1.45,-14.37,53043730,42879967751.0,1.37,0.26
2024-05-24,974.39,973.48,984.47,973.11,-0.27,-2.61,49023610,40441677214.0,1.16,0.24
2024-05-27,975.06,987.69,988.08,974.55,1.46,14.21,55766695,48311444537.0,1.39,0.28
2024-05-28,986.55,982.09,989.33,981.01,-0.57,-5.6,49758754,43079686798.0,0.84,0.25
2024-05-29,982.46,982.55,987.65,979.4,0.05,0.46,45294319,38654097694.0,0.84,0.23
2024-05-30,980.52,978.32,985.82,976.18,-0.43,-4.23,50045979,43729244836.0,0.98,0.25
2024-05-31,978.81,977.64,982.4,977.17,-0.07,-0.68,43050947,37134872090.0,0.53,0.21
2024-06-03,977.81,978.69,984.02,972.96,0.11,1.05,56384753,48412282336.0,1.13,0.28
2024-06-04,976.76,988.82,989.71,975.13,1.04,10.13,52267215,46736685318.0,1.49,0.26
2024-06-05,988.31,980.98,990.84,980.57,-0.79,-7.84,47003626,42579508120.0,1.04,0.23
2024-06-06,982.53,979.37,989.43,977.12,-0.16,-1.61,57474232,52368821347.0,1.25,0.29
2024-06-07,982.17,986.15,986.66,978.27,0.69,6.78,55993748,46577586220.0,0.86,0.28
2024-06-11,984.06,972.04,984.79,967.2,-1.43,-14.11,66401789,55582884957.0,1.78,0.33
2024-06-12,970.39,976.81,978.02,967.59,0.49,4.77,56902050,49260816020.0,1.07,0.28
2024-06-13,976.13,973.71,979.42,971.08,-0.32,-3.1,47260253,43647486111.0,0.85,0.24
2024-06-14,972.13,973.16,976.79,969.51,-0.06,-0.55,68498590,57771645391.0,0.75,0.34
2024-06-17,969.26,967.43,974.67,966.22,-0.59,-5.73,56397278,47937526974.0,0.87,0.28
2024-06-18,967.41,977.69,978.44,966.2,1.06,10.26,50126617,42963344820.0,1.27,0.25
2024-06-19,978.43,976.09,981.24,975.76,-0.16,-1.6,44473580,39024224077.0,0.56,0.22
2024-06-20,975.14,969.95,978.04,968.61,-0.63,-6.14,43423342,40824344978.0,0.97,0.22
2024-06-21,968.76,973.5,975.46,966.18,0.37,3.55,44843066,38555461420.0,0.96,0.22
2024-06-24,969.94,960.86,970.83,960.47,-1.3,-12.64,49186486,40804515306.0,1.06,0.25
2024-06-25,961.0,957.11,964.78,952.67,-0.39,-3.75,47407898,39237364853.0,1.26,0.24
2024-06-26,956.17,966.67,968.12,951.15,1.0,9.56,43039289,38385022981.0,1.77,0.21
2024-06-27,964.13,960.79,967.01,959.5,-0.61,-5.88,51046205,42564083916.0,0.78,0.25
2024-06-28,960.32,977.59,982.96,959.99,1.75,16.8,59780978,52768387325.0,2.39,0.3
2024-07-01,977.27,990.92,991.28,977.22,1.36,13.33,52657672,45870500150.0,1.44,0.26
2024-07-02,991.09,993.58,996.38,986.79,0.27,2.66,54142772,45335260868.0,0.97,0.27
2024-07-03,992.62,985.25,993.86,983.69,-0.84,-8.33,44600553,38209983052.0,1.02,0.22
2024-07-04,986.21,980.12,991.38,979.15,-0.52,-5.13,42598539,35942687327.0,1.24,0.21
2024-07-05,979.37,978.16,981.21,968.5,-0.2,-1.96,51188538,43037069138.0,1.3,0.26
2024-07-08,975.74,970.21,976.25,968.36,-0.81,-7.95,50166053,44493117142.0,0.81,0.25
2024-07-09,968.63,980.45,981.26,962.67,1.06,10.24,53267640,46563169701.0,1.92,0.27
2024-07-10,978.7,970.31,980.77,968.99,-1.03,-10.14,48404176,44158008583.0,1.2,0.24
2024-07-11,977.55,982.09,982.42,973.82,1.21,11.78,52956742,46584075491.0,0.89,0.26
2024-07-12,981.15,977.19,984.81,975.43,-0.5,-4.9,54185361,45774227039.0,0.96,0.27
2024-07-15,974.92,978.54,980.86,971.63,0.14,1.35,48520700,40400679694.0,0.94,0.24
2024-07-16,977.05,981.79,982.03,975.35,0.33,3.25,47761237,40726927040.0,0.68,0.24
2024-07-17,980.8,972.97,981.26,971.57,-0.9,-8.82,49881267,44179387705.0,0.99,0.25
2024-07-18,969.83,980.27,980.51,963.74,0.75,7.3,48170035,42254756288.0,1.72,0.24
2024-07-19,976.49,981.57,982.69,973.91,0.13,1.3,52477110,46519861574.0,0.9,0.26
2024-07-22,981.47,977.44,982.07,971.88,-0.42,-4.13,54624566,49720866321.0,1.04,0.27
2024-07-23,976.3,965.62,978.07,965.62,-1.21,-11.82,54214203,44568409933.0,1.27,0.27
2024-07-24,963.96,969.01,973.79,963.03,0.35,3.39,54985393,45048724512.0,1.11,0.27
2024-07-25,966.07,961.65,968.36,956.52,-0.76,-7.36,54690625,46242358126.0,1.22,0.27
2024-07-26,961.88,964.08,965.96,958.64,0.25,2.43,53630967,43753441574.0,0.76,0.27
2024-07-29,964.48,972.75,974.12,962.55,0.9,8.67,49147811,39579665148.0,1.2,0.25
2024-07-30,970.51,970.74,972.15,963.47,-0.21,-2.01,46347628,39372260565.0,0.89,0.23
2024-07-31,970.84,981.02,981.54,968.59,1.06,10.28,72789164,61544839788.0,1.33,0.36
2024-08-01,981.46,986.34,992.59,981.31,0.54,5.32,64029479,54247881345.0,1.15,0.32
2024-08-02,980.62,979.25,986.89,978.47,-0.72,-7.09,48189856,42401822526.0,0.85,0.24
2024-08-05,972.71,960.18,978.84,960.18,-1.95,-19.07,57547640,49573066290.0,1.91,0.29
2024-08-06,964.97,960.43,968.81,952.43,0.03,0.25,48277399,40288168769.0,1.71,0.24
2024-08-07,959.82,962.29,969.01,958.65,0.19,1.86,40880045,35408493489.0,1.08,0.2
2024-08-08,960.18,957.85,962.87,953.64,-0.46,-4.44,33652144,29911826913.0,0.96,0.17
2024-08-09,960.16,955.87,964.71,955.87,-0.21,-1.98,34182618,29123378266.0,0.92,0.17
2024-08-12,955.06,952.81,957.29,950.5,-0.32,-3.06,33219906,27573795665.0,0.71,0.17
2024-08-13,953.76,960.2,960.3,952.86,0.78,7.39,35756939,29025925218.0,0.78,0.18
2024-08-14,960.19,957.06,963.14,956.77,-0.33,-3.14,33249950,26046642615.0,0.66,0.17
2024-08-15,955.17,965.65,969.2,953.29,0.9,8.59,41546395,32081513875.0,1.66,0.21
2024-08-16,966.73,964.02,969.3,962.2,-0.17,-1.63,42484291,31841841474.0,0.74,0.21
2024-08-19,963.05,971.83,974.99,962.98,0.81,7.81,50003628,37213389555.0,1.25,0.25
2024-08-20,972.49,959.58,972.77,955.55,-1.26,-12.25,45624321,34553814568.0,1.77,0.23
2024-08-21,957.28,954.66,958.21,952.73,-0.51,-4.92,38265531,28627556953.0,0.57,0.19
2024-08-22,954.35,952.69,958.11,951.42,-0.21,-1.97,42061076,33388681996.0,0.7,0.21
2024-08-23,950.91,954.63,955.91,948.51,0.2,1.94,36995454,29246247555.0,0.78,0.18
2024-08-26,955.27,953.89,956.93,950.04,-0.08,-0.74,39256893,30949353669.0,0.72,0.2
2024-08-27,951.83,947.17,952.04,943.81,-0.7,-6.72,43788127,34282321549.0,0.86,0.22
2024-08-28,946.1,941.98,949.88,939.92,-0.55,-5.19,42602298,33341583211.0,1.05,0.21
2024-08-29,939.73,929.63,939.73,929.63,-1.31,-12.35,64581887,46168934255.0,1.07,0.32
2024-08-30,929.26,933.29,942.24,927.31,0.39,3.66,84842687,62369481490.0,1.61,0.42
2024-09-02,931.53,920.37,931.53,920.1,-1.38,-12.92,71364002,51817605130.0,1.22,0.36
2024-09-03,920.35,916.16,923.25,912.48,-0.46,-4.21,62776524,43836363729.0,1.17,0.31
2024-09-04,909.97,908.61,914.88,908.06,-0.82,-7.55,48483874,34259120211.0,0.74,0.24
2024-09-05,909.31,908.14,912.12,904.18,-0.05,-0.47,42769661,30659790191.0,0.87,0.21
2024-09-06,909.48,900.95,914.87,900.76,-0.79,-7.19,37571017,28446495890.0,1.55,0.19
2024-09-09,897.84,890.63,897.85,886.79,-1.15,-10.32,46249297,33417431932.0,1.23,0.23
2024-09-10,891.72,893.66,895.27,882.04,0.34,3.03,43124542,31163264041.0,1.49,0.22
2024-09-11,889.54,880.43,889.56,876.32,-1.48,-13.23,47247726,33494975575.0,1.48,0.24
2024-09-12,880.98,882.59,887.25,880.72,0.25,2.16,39416051,28277268101.0,0.74,0.2
2024-09-13,883.78,882.17,890.63,881.85,-0.05,-0.42,36381539,27004589347.0,0.99,0.18
2024-09-18,882.44,886.92,888.11,875.38,0.54,4.75,35776652,25334236491.0,1.44,0.18
2024-09-19,890.56,894.74,896.11,878.66,0.88,7.82,50902243,40427017777.0,1.97,0.25
2024-09-20,893.43,894.29,895.64,887.58,-0.05,-0.45,50532008,38724728548.0,0.9,0.25
2024-09-23,893.19,901.14,904.47,892.12,0.77,6.85,40115899,31568148900.0,1.38,0.2
2024-09-24,906.2,936.67,936.73,905.39,3.94,35.53,79362443,60467444962.0,3.48,0.4
2024-09-25,949.58,954.0,972.55,949.58,1.85,17.33,98770999,76360991608.0,2.45,0.49
2024-09-26,952.48,983.19,983.22,950.7,3.06,29.19,92287210,71395978095.0,3.41,0.46
2024-09-27,994.66,1005.43,1005.43,983.38,2.26,22.24,88403936,73871753903.0,2.24,0.44
2024-09-30,1036.32,1082.9,1089.99,1025.35,7.71,77.47,205141819,171383018724.0,6.43,1.02
2024-10-08,1186.79,1122.85,1186.79,1082.94,3.69,39.95,235237155,210214467660.0,9.59,1.17
2024-10-09,1104.16,1050.26,1106.06,1049.03,-6.46,-72.59,160947984,149429996289.0,5.08,0.8
2024-10-10,1055.82,1085.03,1111.69,1047.41,3.31,34.77,173939225,146337861443.0,6.12,0.87
2024-10-11,1081.06,1055.74,1082.05,1046.42,-2.7,-29.29,119376043,103503015095.0,3.28,0.6
2024-10-14,1062.33,1077.94,1081.67,1056.0,2.1,22.2,123537648,108668074482.0,2.43,0.62
2024-10-15,1070.92,1049.0,1075.34,1049.0,-2.68,-28.94,96535972,85612850242.0,2.44,0.48
2024-10-16,1036.95,1051.34,1062.28,1036.84,0.22,2.34,79522560,67696504350.0,2.43,0.4
2024-10-17,1057.8,1040.09,1064.0,1039.89,-1.07,-11.25,75306366,70483214069.0,2.29,0.38
2024-10-18,1038.91,1062.2,1077.56,1030.65,2.13,22.11,101139457,95606425195.0,4.51,0.51
2024-10-21,1070.54,1071.85,1076.3,1059.22,0.91,9.65,103187321,104236986398.0,1.61,0.52
2024-10-22,1071.08,1074.35,1076.01,1065.66,0.23,2.5,75668484,74690203606.0,0.97,0.38
2024-10-23,1074.71,1080.19,1087.03,1073.4,0.54,5.84,77980117,73578664313.0,1.27,0.39
2024-10-24,1076.97,1071.24,1077.92,1067.33,-0.83,-8.95,60020778,57705139910.0,0.98,0.3
2024-10-25,1070.65,1070.58,1075.4,1067.26,-0.06,-0.66,64402350,60298845695.0,0.76,0.32
2024-10-28,1069.74,1079.84,1079.84,1062.36,0.86,9.26,77956765,68830288485.0,1.63,0.39
2024-10-29,1079.05,1070.73,1081.94,1068.15,-0.84,-9.11,73498643,77290797986.0,1.28,0.37
2024-10-30,1067.62,1066.11,1074.36,1059.77,-0.43,-4.62,71056511,71089516951.0,1.36,0.35
2024-10-31,1066.13,1068.22,1071.8,1058.52,0.2,2.11,87539659,89612545045.0,1.25,0.44
2024-11-01,1066.26,1073.34,1082.78,1064.31,0.48,5.12,107820748,104831751732.0,1.73,0.54
2024-11-04,1073.36,1080.18,1080.18,1065.49,0.64,6.84,73977255,76630044572.0,1.37,0.37
2024-11-05,1079.31,1104.07,1104.07,1078.98,2.21,23.89,97362523,105442210889.0,2.32,0.49
2024-11-06,1103.8,1106.3,1113.24,1096.06,0.2,2.23,97890756,109543334710.0,1.56,0.49
2024-11-07,1099.18,1132.13,1132.13,1097.09,2.33,25.83,108269908,115735706959.0,3.17,0.54
2024-11-08,1139.56,1128.06,1144.0,1124.83,-0.36,-4.07,103132374,114285727212.0,1.69,0.52
2024-11-11,1125.58,1130.43,1130.61,1115.18,0.21,2.37,92749319,117246182264.0,1.37,0.46
2024-11-12,1129.07,1114.41,1134.22,1108.52,-1.42,-16.02,91952373,115750686715.0,2.27,0.46
2024-11-13,1110.45,1126.98,1132.33,1110.23,1.13,12.57,93618756,115095651395.0,1.98,0.47
2024-11-14,1123.43,1106.81,1125.54,1105.43,-1.79,-20.17,84935543,98663876898.0,1.78,0.42
2024-11-15,1103.52,1097.65,1116.74,1097.65,-0.83,-9.16,102328204,112494860252.0,1.72,0.51
2024-11-18,1106.92,1106.51,1127.45,1099.55,0.81,8.86,149085071,129974471194.0,2.54,0.74
2024-11-19,1103.01,1103.19,1104.41,1082.21,-0.3,-3.32,108467832,101908731113.0,2.01,0.54
2024-11-20,1099.55,1109.4,1111.53,1098.14,0.56,6.21,73347018,80847839399.0,1.21,0.37
2024-11-21,1107.08,1107.82,1110.21,1101.14,-0.14,-1.58,59037532,66816885348.0,0.82,0.29
2024-11-22,1107.0,1074.26,1110.28,1074.26,-3.03,-33.56,73839875,77511118436.0,3.25,0.37
2024-11-25,1075.74,1068.26,1078.5,1058.64,-0.56,-6.0,66669094,67282765486.0,1.85,0.33
2024-11-26,1066.05,1065.26,1072.58,1063.94,-0.28,-3.0,54383762,51876785082.0,0.81,0.27
2024-11-27,1062.67,1080.43,1080.43,1054.0,1.42,15.17,60156841,60754833913.0,2.48,0.3
2024-11-28,1080.13,1076.69,1085.3,1075.43,-0.35,-3.74,54752022,62332890657.0,0.91,0.27
2024-11-29,1076.63,1084.63,1091.75,1075.91,0.74,7.94,61634930,69831490213.0,1.47,0.31
2024-12-02,1085.51,1094.93,1096.41,1083.85,0.95,10.3,70450056,71619719926.0,1.16,0.35
2024-12-03,1094.8,1101.4,1102.85,1089.6,0.59,6.47,71265302,73351553635.0,1.21,0.36
2024-12-04,1099.63,1099.95,1104.28,1094.17,-0.13,-1.45,70953319,71986622713.0,0.92,0.35
2024-12-05,1096.53,1097.74,1101.22,1094.5,-0.2,-2.21,52705205,54952763789.0,0.61,0.26
2024-12-06,1099.31,1108.61,1111.36,1099.31,0.99,10.87,66787938,62786007871.0,1.1,0.33
2024-12-09,1108.03,1106.03,1113.62,1100.41,-0.23,-2.58,67521701,63159391656.0,1.19,0.34
2024-12-10,1129.35,1109.28,1130.9,1107.54,0.29,3.25,83596931,85337432202.0,2.11,0.42
2024-12-11,1106.89,1111.29,1113.93,1106.76,0.18,2.01,62726395,60060261376.0,0.65,0.31
2024-12-12,1111.36,1116.18,1117.09,1107.77,0.44,4.89,63741245,60777019809.0,0.84,0.32
2024-12-13,1111.05,1093.18,1111.21,1092.74,-2.06,-23.0,87556036,78157075348.0,1.65,0.44
2024-12-16,1092.29,1093.93,1099.1,1091.25,0.07,0.75,71828545,66803214219.0,0.72,0.36
2024-12-17,1093.28,1088.89,1100.33,1087.72,-0.46,-5.04,63219587,60262726775.0,1.15,0.32
2024-12-18,1097.12,1098.81,1108.78,1096.92,0.91,9.92,68818561,60947126205.0,1.09,0.34
2024-12-19,1090.44,1099.26,1101.01,1086.19,0.04,0.45,59837630,61280512057.0,1.35,0.3
2024-12-20,1097.47,1089.81,1098.47,1088.3,-0.86,-9.45,56080711,56519447638.0,0.93,0.28
2024-12-23,1090.26,1093.7,1102.47,1090.26,0.36,3.89,76996538,71345698108.0,1.12,0.38
2024-12-24,1093.65,1105.26,1105.55,1093.25,1.06,11.56,63497775,59229337624.0,1.12,0.32
2024-12-25,1106.91,1106.18,1111.77,1101.24,0.08,0.92,69738013,65918943208.0,0.95,0.35
2024-12-26,1105.06,1102.06,1105.34,1099.89,-0.37,-4.12,59048809,58474474511.0,0.49,0.29
2024-12-27,1101.97,1105.39,1109.67,1100.62,0.3,3.33,61486646,60628566912.0,0.82,0.31
2024-12-30,1105.41,1109.99,1112.74,1105.41,0.42,4.6,59889564,57976644542.0,0.66,0.3
2024-12-31,1110.48,1093.08,1113.19,1093.08,-1.52,-16.91,70228631,64651804605.0,1.81,0.35
2025-01-02,1091.74,1055.9,1092.93,1049.58,-3.4,-37.18,85796708,75414862952.0,3.97,0.43
2025-01-03,1057.75,1040.37,1060.78,1038.53,-1.47,-15.53,66061288,58059769505.0,2.11,0.33
2025-01-06,1040.73,1038.69,1041.86,1030.93,-0.16,-1.68,58884914,49829584343.0,1.05,0.29
2025-01-07,1038.03,1041.43,1041.82,1030.11,0.26,2.74,50380586,45423732772.0,1.13,0.25
2025-01-08,1040.19,1038.97,1043.7,1022.14,-0.24,-2.46,62791211,55001388121.0,2.07,0.31
2025-01-09,1035.05,1029.0,1035.11,1027.92,-0.96,-9.97,48408526,43998686836.0,0.69,0.24
2025-01-10,1028.35,1014.22,1029.44,1014.22,-1.44,-14.78,47250785,43782420613.0,1.48,0.24
2025-01-13,1008.88,1013.83,1017.05,1007.69,-0.04,-0.39,53202211,45204434000.0,0.92,0.27
2025-01-14,1014.94,1036.43,1037.73,1014.24,2.23,22.6,55766566,51983229322.0,2.32,0.28
2025-01-15,1034.87,1031.1,1038.92,1029.73,-0.51,-5.33,49969640,45623844450.0,0.89,0.25
2025-01-16,1034.49,1036.87,1044.28,1030.08,0.56,5.77,50526338,48945974681.0,1.38,0.25
2025-01-17,1034.92,1036.31,1041.03,1029.76,-0.05,-0.56,43480763,39144502200.0,1.09,0.22
2025-01-20,1040.79,1033.12,1042.93,1031.26,-0.31,-3.19,46545512,42090693412.0,1.13,0.23
2025-01-21,1036.42,1027.99,1036.9,1025.8,-0.5,-5.13,41572104,38080558581.0,1.07,0.21
2025-01-22,1026.67,1024.22,1027.29,1018.66,-0.37,-3.77,47454151,43292318274.0,0.84,0.24
2025-01-23,1031.69,1030.9,1045.03,1030.54,0.65,6.68,66265383,56942797552.0,1.41,0.33
2025-01-24,1030.95,1041.26,1044.04,1029.8,1.0,10.36,53571643,50146956385.0,1.38,0.27
2025-01-27,1044.44,1044.43,1052.34,1044.43,0.3,3.17,56576128,52994963953.0,0.76,0.28
2025-02-05,1050.85,1039.69,1051.0,1035.51,-0.45,-4.74,58963729,63334866460.0,1.48,0.29
2025-02-06,1039.56,1047.17,1047.63,1036.06,0.72,7.48,53469743,55470355542.0,1.11,0.27
2025-02-07,1046.7,1058.12,1064.43,1043.38,1.05,10.95,74147227,77858148062.0,2.01,0.37
2025-02-10,1062.02,1067.06,1070.79,1062.02,0.84,8.94,72296280,74946612235.0,0.83,0.36
2025-02-11,1067.27,1066.52,1069.34,1062.5,-0.05,-0.54,66724238,68764623173.0,0.64,0.33
2025-02-12,1064.81,1070.57,1070.59,1062.48,0.38,4.05,57199786,59214235039.0,0.76,0.29
2025-02-13,1069.69,1066.98,1075.08,1065.59,-0.34,-3.59,63727882,66142754416.0,0.89,0.32
2025-02-14,1068.0,1077.81,1078.87,1065.21,1.02,10.83,72466172,75936009866.0,1.28,0.36
2025-02-17,1083.42,1082.96,1084.5,1076.35,0.48,5.15,90788433,98023756083.0,0.76,0.45
2025-02-18,1082.38,1074.81,1088.52,1071.89,-0.75,-8.15,88208391,89718637574.0,1.54,0.44
2025-02-19,1073.47,1080.84,1082.52,1073.23,0.56,6.03,74314895,73303060606.0,0.86,0.37
2025-02-20,1079.63,1073.68,1079.63,1071.35,-0.66,-7.16,65850198,67293887312.0,0.77,0.33
2025-02-21,1077.11,1084.67,1085.32,1072.46,1.02,10.99,90192675,100011638379.0,1.2,0.45
2025-02-24,1085.69,1089.6,1094.71,1081.84,0.45,4.93,97743092,104940117438.0,1.19,0.49
2025-02-25,1081.07,1074.43,1084.24,1071.85,-1.39,-15.17,72706748,81256132960.0,1.14,0.36
2025-02-26,1075.44,1086.37,1086.37,1075.44,1.11,11.94,73015809,76849192069.0,1.02,0.36
2025-02-27,1086.23,1079.67,1086.71,1070.96,-0.62,-6.7,75600703,80928352185.0,1.45,0.38
2025-02-28,1076.66,1062.87,1080.0,1062.15,-1.56,-16.8,77309702,78990322878.0,1.65,0.39
2025-03-03,1064.61,1063.59,1072.29,1059.84,0.07,0.72,69449980,65931024572.0,1.17,0.35
2025-03-04,1059.8,1064.45,1065.49,1058.75,0.08,0.86,58949404,55591138722.0,0.63,0.29
2025-03-05,1065.06,1071.57,1071.97,1060.09,0.67,7.12,67866741,63629447489.0,1.12,0.34
2025-03-06,1074.49,1080.52,1081.89,1069.02,0.84,8.95,77634944,82082483835.0,1.2,0.39
2025-03-07,1078.32,1075.76,1082.77,1073.43,-0.44,-4.76,61384055,64406529675.0,0.86,0.31
2025-03-10,1075.36,1068.57,1075.7,1063.9,-0.67,-7.19,58886366,56543332633.0,1.1,0.29
2025-03-11,1060.5,1071.22,1071.22,1060.18,0.25,2.65,49341456,47249617035.0,1.03,0.25
2025-03-12,1072.52,1072.43,1078.76,1068.81,0.11,1.21,57849032,59463564446.0,0.93,0.29
2025-03-13,1071.47,1071.35,1074.8,1065.37,-0.1,-1.08,58429871,59864825458.0,0.88,0.29
2025-03-14,1071.92,1084.02,1084.78,1071.05,1.18,12.67,76331107,71848556800.0,1.28,0.38
2025-03-17,1086.2,1084.84,1089.24,1084.31,0.08,0.82,61072845,56762702082.0,0.45,0.3
2025-03-18,1087.53,1086.11,1088.29,1082.76,0.12,1.27,48956591,47189951111.0,0.51,0.24
2025-03-19,1084.59,1080.6,1084.59,1078.44,-0.51,-5.51,57534637,51336024787.0,0.57,0.29
2025-03-20,1080.01,1079.66,1084.57,1077.61,-0.09,-0.94,51761852,48961971550.0,0.64,0.26
2025-03-21,1078.1,1074.11,1088.97,1071.56,-0.51,-5.55,71258620,66031362127.0,1.61,0.36
2025-03-24,1076.03,1073.6,1078.62,1063.82,-0.05,-0.51,63856192,57414176356.0,1.38,0.32
2025-03-25,1073.73,1077.18,1079.49,1070.59,0.33,3.58,57345797,48201633191.0,0.83,0.29
2025-03-26,1076.52,1075.31,1078.92,1073.68,-0.17,-1.87,47683274,40054356947.0,0.49,0.24
2025-03-27,1073.84,1071.18,1077.16,1068.59,-0.38,-4.13,48542219,39772419474.0,0.8,0.24
2025-03-28,1071.27,1063.57,1071.74,1060.31,-0.71,-7.61,49541954,40033289522.0,1.07,0.25
2025-03-31,1061.15,1058.2,1066.26,1051.91,-0.5,-5.37,69311387,55558848243.0,1.35,0.35
2025-04-01,1059.42,1064.81,1066.49,1059.42,0.62,6.61,59077847,48758912070.0,0.67,0.3
2025-04-02,1063.54,1064.99,1066.99,1062.21,0.02,0.18,46195048,38310073862.0,0.45,0.23
2025-04-03,1057.07,1067.69,1071.1,1057.07,0.25,2.7,57383159,48566253764.0,1.32,0.29
2025-04-07,1025.94,989.34,1031.62,974.33,-7.34,-78.35,130477188,102578214844.0,5.37,0.65
2025-04-08,990.03,1016.31,1016.31,990.03,2.73,26.97,113205333,92848328904.0,2.66,0.57
2025-04-09,1010.03,1036.28,1036.28,999.47,1.96,19.97,101140271,87709108636.0,3.62,0.51
2025-04-10,1048.02,1042.36,1048.55,1036.31,0.59,6.08,87089369,80182539402.0,1.18,0.43
2025-04-11,1039.83,1039.41,1043.45,1033.44,-0.28,-2.95,64033747,59605597471.0,0.96,0.32
2025-04-14,1042.69,1047.04,1048.11,1040.53,0.73,7.63,63157516,56291563246.0,0.73,0.32
2025-04-15,1046.66,1046.16,1046.66,1039.7,-0.08,-0.88,57630679,48076736483.0,0.66,0.29
2025-04-16,1045.09,1051.45,1051.45,1039.1,0.51,5.29,69063295,56748951827.0,1.18,0.34
2025-04-17,1047.2,1049.33,1052.31,1045.58,-0.2,-2.12,48973271,41852918277.0,0.64,0.24
2025-04-18,1046.53,1051.72,1053.57,1046.05,0.23,2.39,43683308,37380615581.0,0.72,0.22
2025-04-21,1050.25,1052.64,1056.6,1049.04,0.09,0.92,49435845,42688649625.0,0.72,0.25
2025-04-22,1052.16,1054.74,1057.67,1051.7,0.2,2.1,50601626,42572034382.0,0.57,0.25
2025-04-23,1057.2,1052.97,1058.82,1051.51,-0.17,-1.77,52192320,45886849657.0,0.69,0.26
2025-04-24,1051.84,1048.97,1054.41,1045.52,-0.38,-4.0,51797778,43322379006.0,0.84,0.26
2025-04-25,1049.91,1049.7,1052.36,1047.09,0.07,0.73,48186702,40644807095.0,0.5,0.24
2025-04-28,1049.31,1048.17,1051.03,1046.44,-0.15,-1.53,51999224,43645011569.0,0.44,0.26
2025-04-29,1045.94,1044.62,1047.79,1042.78,-0.34,-3.55,42566182,35540065655.0,0.48,0.21
2025-04-30,1043.28,1036.58,1043.49,1036.58,-0.77,-8.04,62093208,49759306506.0,0.66,0.31
2025-05-06,1041.52,1048.79,1049.04,1038.69,1.18,12.21,59672682,50732826048.0,1.0,0.3
2025-05-07,1059.5,1059.04,1060.46,1051.42,0.98,10.25,64313286,54598229922.0,0.86,0.32
2025-05-08,1055.67,1060.39,1061.84,1054.43,0.13,1.35,45736156,40029853800.0,0.7,0.23
2025-05-09,1060.9,1057.1,1061.49,1055.07,-0.31,-3.29,47178584,40245216457.0,0.61,0.24
2025-05-12,1060.5,1067.75,1068.41,1057.66,1.01,10.65,56627195,51365632697.0,1.02,0.28
2025-05-13,1072.98,1069.5,1072.98,1067.34,0.16,1.75,56997563,49377775279.0,0.53,0.28
2025-05-14,1068.92,1079.05,1080.29,1066.45,0.89,9.55,66915439,54922887548.0,1.29,0.33
2025-05-15,1078.9,1070.53,1080.53,1069.6,-0.79,-8.52,62364947,49324917203.0,1.01,0.31
2025-05-16,1068.55,1062.85,1070.58,1060.23,-0.72,-7.68,57928925,42624476960.0,0.97,0.29
2025-05-19,1064.97,1068.51,1069.69,1064.42,0.53,5.66,45541855,35837563982.0,0.5,0.23
2025-05-20,1069.95,1069.13,1071.2,1066.54,0.06,0.62,45298890,36440588779.0,0.44,0.23
2025-05-21,1069.37,1071.26,1073.79,1069.18,0.2,2.13,44039208,37904100209.0,0.43,0.22
2025-05-22,1069.85,1067.4,1070.45,1066.03,-0.36,-3.86,43033999,35138215393.0,0.41,0.21
2025-05-23,1066.55,1057.89,1071.69,1057.89,-0.89,-9.51,47460151,38383743239.0,1.29,0.24
2025-05-26,1058.19,1060.83,1065.34,1058.08,0.28,2.94,45069473,35570773070.0,0.69,0.23
2025-05-27,1060.23,1060.57,1063.17,1057.01,-0.02,-0.26,42610108,36313417566.0,0.58,0.21
2025-05-28,1059.82,1058.45,1061.23,1057.11,-0.2,-2.12,39369696,31782654319.0,0.39,0.2
2025-05-29,1058.19,1064.8,1065.58,1057.52,0.6,6.35,41808007,34144869706.0,0.76,0.21
2025-05-30,1063.54,1063.93,1066.82,1059.05,-0.08,-0.87,45895162,36747142292.0,0.73,0.23
2025-06-03,1061.87,1065.23,1066.24,1061.2,0.12,1.3,50296789,41591669258.0,0.47,0.25
2025-06-04,1065.96,1066.99,1068.99,1065.44,0.17,1.76,39636163,33312720217.0,0.33,0.2
2025-06-05,1067.95,1067.74,1069.39,1065.47,0.07,0.75,42960775,36689167495.0,0.37,0.21
2025-06-06,1068.69,1071.42,1073.39,1067.86,0.34,3.68,43635239,34833300607.0,0.52,0.22
2025-06-09,1072.22,1073.66,1073.87,1069.63,0.21,2.24,47797621,39330230491.0,0.4,0.24
2025-06-10,1075.37,1069.86,1076.3,1063.99,-0.35,-3.8,59620513,47356922894.0,1.15,0.3
2025-06-11,1070.54,1072.07,1075.81,1069.56,0.21,2.21,49434602,47880443412.0,0.58,0.25
2025-06-12,1071.83,1069.2,1072.2,1067.0,-0.27,-2.87,46236545,42619898157.0,0.49,0.23
2025-06-13,1069.56,1066.94,1071.02,1065.75,-0.21,-2.26,69696041,60025705538.0,0.49,0.35
2025-06-16,1066.37,1069.16,1069.22,1065.39,0.21,2.22,56674672,46709007716.0,0.36,0.28
2025-06-17,1068.05,1072.88,1073.11,1065.74,0.35,3.72,49972401,40217385268.0,0.69,0.25
2025-06-18,1073.42,1073.23,1075.95,1069.78,0.03,0.35,54486376,44150248041.0,0.58,0.27
2025-06-19,1072.04,1064.47,1072.64,1060.64,-0.82,-8.76,56677770,45689330284.0,1.12,0.28
2025-06-20,1063.75,1061.94,1065.88,1061.35,-0.24,-2.53,49487808,39701971475.0,0.43,0.25
2025-06-23,1060.72,1068.8,1071.02,1058.31,0.65,6.86,61121814,47433181690.0,1.2,0.31
2025-06-24,1067.05,1076.02,1076.25,1065.39,0.68,7.22,67527106,55033642210.0,1.02,0.34
2025-06-25,1075.95,1085.13,1085.91,1074.49,0.85,9.11,64839513,55104596532.0,1.06,0.32
2025-06-26,1084.33,1085.19,1089.88,1084.09,0.01,0.06,56128613,54589077473.0,0.53,0.28
2025-06-27,1086.02,1080.88,1091.5,1079.85,-0.4,-4.31,73009952,58841692045.0,1.07,0.36
2025-06-30,1081.55,1084.5,1085.47,1079.13,0.33,3.62,53468325,45860697038.0,0.59,0.27
2025-07-01,1084.94,1087.24,1087.89,1082.58,0.25,2.74,47983009,42198607169.0,0.49,0.24
2025-07-02,1087.97,1091.19,1091.8,1084.95,0.36,3.95,55009974,45211817297.0,0.63,0.27
2025-07-03,1091.87,1091.99,1095.18,1088.83,0.07,0.8,47348838,42605078289.0,0.58,0.24
2025-07-04,1091.67,1096.23,1101.83,1091.38,0.39,4.24,57597966,48034670045.0,0.96,0.29
2025-07-07,1096.29,1097.62,1098.68,1093.1,0.13,1.39,50039185,40938103501.0,0.51,0.25
2025-07-08,1097.6,1103.5,1104.27,1095.4,0.54,5.88,53875112,45208017178.0,0.81,0.27
2025-07-09,1103.77,1104.12,1110.3,1103.1,0.06,0.62,68526822,55371414365.0,0.65,0.34
2025-07-10,1104.61,1110.7,1115.84,1104.61,0.6,6.58,78695069,63844671352.0,1.02,0.39
2025-07-11,1112.04,1111.52,1123.88,1110.42,0.07,0.82,105926164,90727253493.0,1.21,0.53
2025-07-14,1114.3,1117.59,1122.73,1114.3,0.55,6.07,78770293,65507124984.0,0.76,0.39
2025-07-15,1117.16,1112.32,1118.98,1106.42,-0.47,-5.27,64298232,56907527596.0,1.12,0.32
2025-07-16,1112.25,1109.53,1113.73,1105.63,-0.25,-2.79,54335782,47890361060.0,0.73,0.27
2025-07-17,1110.01,1111.82,1112.33,1107.61,0.21,2.29,53272708,49762709102.0,0.43,0.27
2025-07-18,1113.74,1119.92,1121.54,1113.74,0.73,8.1,62157787,54474112964.0,0.7,0.31
2025-07-21,1135.75,1143.85,1144.32,1135.05,2.14,23.93,86038737,73812355455.0,0.83,0.43
2025-07-22,1154.06,1167.24,1167.56,1146.48,2.04,23.39,105889357,91965027097.0,1.84,0.53
2025-07-23,1179.73,1162.5,1179.92,1162.39,-0.41,-4.74,121951923,95035915322.0,1.5,0.61
2025-07-24,1162.52,1169.92,1171.5,1155.22,0.64,7.42,147763318,106464188387.0,1.4,0.74
2025-07-25,1169.46,1158.6,1170.33,1156.85,-0.97,-11.32,121401362,98480032211.0,1.15,0.61
2025-07-28,1157.19,1152.79,1157.72,1149.93,-0.5,-5.81,89627753,77736965894.0,0.67,0.45
2025-07-29,1151.72,1156.43,1157.54,1146.3,0.32,3.64,94272863,76858268840.0,0.98,0.47
2025-07-30,1155.53,1154.68,1163.91,1149.64,-0.15,-1.75,89971946,76109426427.0,1.23,0.45
2025-07-31,1152.28,1138.17,1152.42,1135.0,-1.43,-16.51,92325250,79084809989.0,1.51,0.46
2025-08-01,1137.27,1133.35,1139.86,1129.56,-0.42,-4.82,75869588,67471753509.0,0.9,0.38
2025-08-04,1129.26,1138.06,1138.24,1129.26,0.42,4.71,64593901,58173791416.0,0.79,0.32
2025-08-05,1139.57,1145.67,1145.69,1138.48,0.67,7.61,67629079,58287168238.0,0.63,0.34
2025-08-06,1145.86,1152.45,1153.17,1145.0,0.59,6.78,70706654,65214246357.0,0.71,0.35
2025-08-07,1155.38,1152.31,1155.59,1146.67,-0.01,-0.14,72229935,68178726451.0,0.77,0.36
2025-08-08,1151.43,1157.9,1159.92,1150.04,0.49,5.59,72861181,64583356562.0,0.86,0.36
2025-08-11,1160.16,1156.93,1161.79,1154.92,-0.08,-0.97,75681389,67140129016.0,0.59,0.38
2025-08-12,1156.87,1158.36,1160.97,1154.68,0.12,1.43,73714342,69978265729.0,0.54,0.37
2025-08-13,1159.05,1160.17,1163.37,1157.9,0.16,1.81,77743465,73661215734.0,0.47,0.39
2025-08-14,1161.16,1151.24,1165.78,1150.6,-0.77,-8.93,76293762,80633858535.0,1.31,0.38
2025-08-15,1149.69,1152.39,1154.18,1146.88,0.1,1.15,88847191,80208846074.0,0.63,0.44
2025-08-18,1154.67,1156.55,1162.52,1152.44,0.36,4.16,94457087,96274071786.0,0.87,0.47
2025-08-19,1158.14,1155.61,1160.33,1153.22,-0.08,-0.94,83349561,89565218780.0,0.61,0.42
2025-08-20,1153.75,1163.03,1163.13,1149.24,0.64,7.42,83429452,85468903466.0,1.2,0.42
2025-08-21,1165.4,1171.39,1175.34,1165.4,0.72,8.36,93555357,89819864676.0,0.85,0.47
2025-08-22,1171.29,1183.51,1183.51,1166.71,1.03,12.12,96788078,105950405208.0,1.43,0.48
2025-08-25,1189.76,1203.81,1203.81,1189.55,1.72,20.3,120822695,121714985853.0,1.2,0.6
2025-08-26,1203.2,1201.82,1206.31,1198.35,-0.17,-1.99,86402003,109708750043.0,0.66,0.43
2025-08-27,1203.45,1180.41,1205.19,1180.26,-1.78,-21.41,109563863,127309255856.0,2.07,0.55
2025-08-28,1181.0,1191.45,1191.92,1168.95,0.94,11.04,99294801,114401598869.0,1.95,0.5
2025-08-29,1191.57,1187.03,1201.0,1184.12,-0.37,-4.42,119281578,127265527586.0,1.42,0.6
2025-09-01,1189.69,1183.71,1189.69,1179.7,-0.28,-3.32,103857789,113387442924.0,0.84,0.52
2025-09-02,1183.57,1176.3,1183.57,1167.89,-0.63,-7.41,104448272,113260150236.0,1.32,0.52
2025-09-03,1178.18,1156.92,1178.18,1152.78,-1.65,-19.38,81388922,86200981069.0,2.16,0.41
2025-09-04,1155.16,1146.93,1155.2,1137.88,-0.86,-9.99,106556974,107748239360.0,1.5,0.53
2025-09-05,1146.33,1153.72,1154.73,1140.0,0.59,6.79,75316472,75937302041.0,1.28,0.38
2025-09-08,1154.02,1165.1,1166.1,1152.24,0.99,11.38,87521475,88464625888.0,1.2,0.44
2025-09-09,1163.84,1158.04,1164.92,1154.59,-0.61,-7.06,66163226,68927871538.0,0.89,0.33
2025-09-10,1158.04,1158.11,1162.02,1152.82,0.01,0.07,69811051,69585407653.0,0.79,0.35
2025-09-11,1157.59,1173.68,1173.77,1155.73,1.34,15.57,84183143,86677472457.0,1.56,0.42
2025-09-12,1173.75,1172.84,1179.61,1172.01,-0.07,-0.84,84688862,93123365505.0,0.65,0.42
2025-09-15,1173.25,1169.58,1175.05,1164.7,-0.28,-3.26,73189693,76205579847.0,0.88,0.37
2025-09-16,1170.27,1167.94,1173.27,1162.0,-0.14,-1.64,74855869,84388098711.0,0.96,0.37
2025-09-17,1166.26,1170.39,1171.24,1162.46,0.21,2.45,72302991,77923749667.0,0.75,0.36
2025-09-18,1168.73,1155.0,1174.08,1148.45,-1.31,-15.39,96238007,111413952494.0,2.19,0.48
2025-09-19,1155.06,1156.15,1160.89,1153.67,0.1,1.15,75632949,79422734046.0,0.63,0.38
2025-09-22,1156.45,1154.43,1156.91,1148.66,-0.15,-1.72,63408146,77101528343.0,0.71,0.32
2025-09-23,1154.3,1151.56,1155.02,1138.71,-0.25,-2.87,84966071,91166128926.0,1.41,0.42
2025-09-24,1147.89,1157.04,1157.35,1146.71,0.48,5.48,67490630,77535919845.0,0.92,0.34
2025-09-25,1156.39,1155.56,1158.48,1152.43,-0.13,-1.48,63323504,76243580807.0,0.52,0.32
2025-09-26,1154.93,1150.84,1157.31,1150.84,-0.41,-4.72,57726862,65319175543.0,0.56,0.29
2025-09-29,1149.62,1155.21,1159.18,1139.58,0.38,4.37,77379970,78201596578.0,1.7,0.39
2025-09-30,1156.02,1158.44,1160.2,1154.71,0.28,3.23,70276631,73217551197.0,0.48,0.35
2025-10-09,1163.96,1189.0,1189.0,1163.96,2.64,30.56,112526815,116339936639.0,2.16,0.56
2025-10-10,1183.84,1189.1,1195.17,1181.62,0.01,0.1,101098131,104890463890.0,1.14,0.5
2025-10-13,1167.02,1189.82,1191.69,1166.73,0.06,0.72,105766190,101964772236.0,2.1,0.53
2025-10-14,1193.44,1190.58,1200.17,1186.59,0.06,0.76,115734877,118110243252.0,1.14,0.58
2025-10-15,1190.53,1199.15,1199.37,1186.6,0.72,8.57,86448348,87464580774.0,1.07,0.43
2025-10-16,1196.64,1196.11,1199.87,1190.34,-0.25,-3.04,85516131,83585814291.0,0.79,0.43
2025-10-17,1196.85,1179.05,1200.77,1177.39,-1.43,-17.06,82994576,82347064854.0,1.95,0.41
2025-10-20,1183.65,1182.48,1186.32,1177.23,0.29,3.43,73438447,72356927921.0,0.77,0.37
2025-10-21,1184.36,1195.7,1196.63,1184.18,1.12,13.22,76659187,78380951186.0,1.05,0.38
2025-10-22,1191.85,1199.0,1199.83,1191.71,0.28,3.3,74851269,74432965957.0,0.68,0.37
2025-10-23,1196.66,1204.23,1205.22,1190.14,0.44,5.23,81861971,75870649226.0,1.26,0.41
2025-10-24,1206.19,1206.81,1211.15,1201.76,0.21,2.58,77421220,79415920727.0,0.78,0.39
2025-10-27,1210.43,1223.18,1225.49,1209.41,1.36,16.37,99556897,102445630101.0,1.33,0.5
2025-10-28,1219.71,1214.31,1222.09,1213.14,-0.73,-8.87,76463826,77974023397.0,0.73,0.38
2025-10-29,1214.42,1224.13,1224.13,1212.2,0.81,9.82,75888395,80744000544.0,0.98,0.38
2025-10-30,1221.46,1221.69,1231.17,1219.52,-0.2,-2.44,86230197,95069667144.0,0.95,0.43
2025-10-31,1219.91,1205.27,1220.22,1204.03,-1.34,-16.42,101532426,97004671455.0,1.33,0.51
2025-11-03,1205.89,1217.96,1218.26,1204.57,1.05,12.69,75810936,79067042034.0,1.14,0.38
2025-11-04,1216.21,1211.62,1220.74,1206.12,-0.52,-6.34,73179717,75480114618.0,1.2,0.37
2025-11-05,1203.08,1213.55,1217.04,1201.09,0.16,1.93,67473660,68808770281.0,1.32,0.34
2025-11-06,1213.76,1224.5,1226.5,1212.62,0.9,10.95,79340738,83876235145.0,1.14,0.4
2025-11-07,1221.28,1225.01,1228.83,1221.14,0.04,0.51,71353458,76250284024.0,0.63,0.36
2025-11-10,1227.68,1231.58,1232.55,1225.15,0.54,6.57,67986049,74352621998.0,0.6,0.34
2025-11-11,1232.8,1228.12,1233.13,1223.56,-0.28,-3.46,61510620,65449758092.0,0.78,0.31
2025-11-12,1227.07,1224.59,1231.03,1218.27,-0.29,-3.53,75369867,75255001112.0,1.04,0.38
2025-11-13,1222.71,1226.73,1226.89,1219.87,0.17,2.14,72362633,70914531323.0,0.57,0.36
2025-11-14,1221.64,1214.94,1225.67,1214.94,-0.96,-11.79,65328326,61654447126.0,0.87,0.33
2025-11-17,1214.46,1209.28,1214.83,1205.06,-0.47,-5.66,66250810,63718575372.0,0.8,0.33
2025-11-18,1206.34,1196.3,1206.79,1192.57,-1.07,-12.98,58143475,56310077238.0,1.18,0.29
2025-11-19,1195.75,1201.11,1204.3,1194.69,0.4,4.81,64655721,60824516352.0,0.8,0.32
2025-11-20,1203.18,1199.17,1209.25,1198.24,-0.16,-1.94,73668096,64448211428.0,0.92,0.37
2025-11-21,1190.57,1172.6,1194.35,1172.43,-2.22,-26.57,85751418,77448053751.0,1.83,0.43
2025-11-24,1176.62,1177.81,1181.62,1172.12,0.44,5.21,68920150,69305429077.0,0.81,0.34
2025-11-25,1180.37,1184.61,1187.74,1178.46,0.58,6.8,58453728,63272694628.0,0.79,0.29
2025-11-26,1184.41,1177.94,1187.83,1177.68,-0.56,-6.67,54256497,57286273052.0,0.86,0.27
2025-11-27,1177.59,1175.13,1180.89,1173.84,-0.24,-2.81,48209315,51539358734.0,0.6,0.24
2025-11-28,1174.71,1178.0,1178.02,1169.3,0.24,2.87,49807070,47531630606.0,0.74,0.25
2025-12-01,1179.26,1187.01,1187.27,1178.43,0.76,9.01,63220885,63000521917.0,0.75,0.32
2025-12-02,1184.77,1183.4,1185.7,1181.01,-0.3,-3.61,46001933,45651052019.0,0.4,0.23
2025-12-03,1182.43,1182.65,1188.85,1178.91,-0.06,-0.75,52049130,52464620563.0,0.84,0.26
2025-12-04,1182.18,1182.62,1186.08,1178.97,0.0,-0.03,47876390,50590363700.0,0.6,0.24
2025-12-05,1182.07,1190.84,1192.05,1179.95,0.7,8.22,58076431,62111629965.0,1.02,0.29
2025-12-08,1193.45,1189.31,1194.84,1188.2,-0.13,-1.53,57607652,67596939741.0,0.56,0.29
2025-12-09,1186.72,1175.9,1186.77,1175.42,-1.13,-13.41,62194394,64234313410.0,0.95,0.31
2025-12-10,1173.03,1178.41,1179.56,1170.85,0.21,2.51,55577239,60245305665.0,0.74,0.28
2025-12-11,1180.04,1171.81,1180.84,1170.17,-0.56,-6.6,54003563,65142098922.0,0.91,0.27
2025-12-12,1172.45,1176.11,1177.36,1168.2,0.37,4.3,77195959,84626298081.0,0.78,0.39
2025-12-15,1173.27,1178.57,1185.18,1172.88,0.21,2.46,61392822,70894002894.0,1.05,0.31
2025-12-16,1175.79,1167.13,1175.97,1163.32,-0.97,-11.44,58959930,67275304340.0,1.07,0.29
2025-12-17,1166.92,1177.91,1180.54,1164.17,0.92,10.78,59430921,68186426197.0,1.4,0.3
2025-12-18,1174.88,1183.04,1186.19,1174.77,0.44,5.13,53279658,63584047205.0,0.97,0.27
2025-12-19,1183.48,1187.49,1191.13,1183.01,0.38,4.45,55805523,65075502934.0,0.69,0.28
2025-12-22,1190.94,1192.03,1194.67,1189.08,0.38,4.54,51464971,68103901259.0,0.47,0.26
2025-12-23,1192.15,1188.3,1195.14,1185.74,-0.31,-3.73,53903025,70257146885.0,0.79,0.27
2025-12-24,1187.9,1194.99,1196.61,1185.75,0.56,6.69,49321240,62500483378.0,0.91,0.25
2025-12-25,1194.56,1199.46,1201.06,1193.93,0.37,4.47,46845013,61799186354.0,0.6,0.23
2025-12-26,1198.94,1205.97,1208.76,1196.42,0.54,6.51,54745719,77520300069.0,1.03,0.27
2025-12-29,1206.7,1207.31,1211.71,1203.04,0.11,1.34,67229055,87358232371.0,0.72,0.34
2025-12-30,1202.92,1206.46,1212.6,1202.37,-0.07,-0.85,63705512,89711892740.0,0.85,0.32
2025-12-31,1207.33,1212.58,1215.03,1207.23,0.51,6.12,55172332,79665381756.0,0.65,0.28
